sample_id,patient_id,split,is_empty_mask,record_type
SYN-IMG-0001,SYN-PAT-001,train,False,synthetic_demo_only
SYN-IMG-0002,SYN-PAT-001,train,False,synthetic_demo_only
SYN-IMG-0003,SYN-PAT-002,train,False,synthetic_demo_only
SYN-IMG-0004,SYN-PAT-002,train,False,synthetic_demo_only
SYN-IMG-0005,SYN-PAT-003,train,False,synthetic_demo_only
SYN-IMG-0006,SYN-PAT-004,train,False,synthetic_demo_only
SYN-IMG-0007,SYN-PAT-004,train,True,synthetic_demo_only
SYN-IMG-0008,SYN-PAT-005,train,False,synthetic_demo_only
SYN-IMG-0009,SYN-PAT-005,train,False,synthetic_demo_only
SYN-IMG-0010,SYN-PAT-006,train,False,synthetic_demo_only
SYN-IMG-0011,SYN-PAT-006,train,True,synthetic_demo_only
SYN-IMG-0012,SYN-PAT-007,train,True,synthetic_demo_only
SYN-IMG-0013,SYN-PAT-007,train,False,synthetic_demo_only
SYN-IMG-0014,SYN-PAT-008,train,False,synthetic_demo_only
SYN-IMG-0015,SYN-PAT-008,train,False,synthetic_demo_only
SYN-IMG-0016,SYN-PAT-009,train,False,synthetic_demo_only
SYN-IMG-0017,SYN-PAT-009,train,False,synthetic_demo_only
SYN-IMG-0018,SYN-PAT-010,train,True,synthetic_demo_only
SYN-IMG-0019,SYN-PAT-010,train,False,synthetic_demo_only
SYN-IMG-0020,SYN-PAT-011,train,False,synthetic_demo_only
SYN-IMG-0021,SYN-PAT-011,train,False,synthetic_demo_only
SYN-IMG-0022,SYN-PAT-012,train,True,synthetic_demo_only
SYN-IMG-0023,SYN-PAT-013,train,False,synthetic_demo_only
SYN-IMG-0024,SYN-PAT-014,train,False,synthetic_demo_only
SYN-IMG-0025,SYN-PAT-014,train,False,synthetic_demo_only
SYN-IMG-0026,SYN-PAT-015,train,False,synthetic_demo_only
SYN-IMG-0027,SYN-PAT-015,train,False,synthetic_demo_only
SYN-IMG-0028,SYN-PAT-016,train,False,synthetic_demo_only
SYN-IMG-0029,SYN-PAT-017,train,False,synthetic_demo_only
SYN-IMG-0030,SYN-PAT-017,train,False,synthetic_demo_only
SYN-IMG-0031,SYN-PAT-018,train,True,synthetic_demo_only
SYN-IMG-0032,SYN-PAT-019,train,False,synthetic_demo_only
SYN-IMG-0033,SYN-PAT-019,train,False,synthetic_demo_only
SYN-IMG-0034,SYN-PAT-020,train,False,synthetic_demo_only
SYN-IMG-0035,SYN-PAT-020,train,False,synthetic_demo_only
SYN-IMG-0036,SYN-PAT-021,train,False,synthetic_demo_only
SYN-IMG-0037,SYN-PAT-021,train,False,synthetic_demo_only
SYN-IMG-0038,SYN-PAT-022,train,False,synthetic_demo_only
SYN-IMG-0039,SYN-PAT-023,train,False,synthetic_demo_only
SYN-IMG-0040,SYN-PAT-023,train,False,synthetic_demo_only
SYN-IMG-0041,SYN-PAT-024,train,False,synthetic_demo_only
SYN-IMG-0042,SYN-PAT-024,train,False,synthetic_demo_only
SYN-IMG-0043,SYN-PAT-025,train,True,synthetic_demo_only
SYN-IMG-0044,SYN-PAT-025,train,False,synthetic_demo_only
SYN-IMG-0045,SYN-PAT-026,train,False,synthetic_demo_only
SYN-IMG-0046,SYN-PAT-026,train,False,synthetic_demo_only
SYN-IMG-0047,SYN-PAT-027,train,True,synthetic_demo_only
SYN-IMG-0048,SYN-PAT-028,train,False,synthetic_demo_only
SYN-IMG-0049,SYN-PAT-028,train,False,synthetic_demo_only
SYN-IMG-0050,SYN-PAT-029,train,False,synthetic_demo_only
SYN-IMG-0051,SYN-PAT-030,train,True,synthetic_demo_only
SYN-IMG-0052,SYN-PAT-030,train,False,synthetic_demo_only
SYN-IMG-0053,SYN-PAT-031,train,False,synthetic_demo_only
SYN-IMG-0054,SYN-PAT-031,train,False,synthetic_demo_only
SYN-IMG-0055,SYN-PAT-032,train,True,synthetic_demo_only
SYN-IMG-0056,SYN-PAT-032,train,False,synthetic_demo_only
SYN-IMG-0057,SYN-PAT-033,train,False,synthetic_demo_only
SYN-IMG-0058,SYN-PAT-034,train,False,synthetic_demo_only
SYN-IMG-0059,SYN-PAT-035,train,False,synthetic_demo_only
SYN-IMG-0060,SYN-PAT-035,train,False,synthetic_demo_only
SYN-IMG-0061,SYN-PAT-036,train,False,synthetic_demo_only
SYN-IMG-0062,SYN-PAT-037,train,True,synthetic_demo_only
SYN-IMG-0063,SYN-PAT-037,train,False,synthetic_demo_only
SYN-IMG-0064,SYN-PAT-038,train,False,synthetic_demo_only
SYN-IMG-0065,SYN-PAT-038,train,False,synthetic_demo_only
SYN-IMG-0066,SYN-PAT-039,train,False,synthetic_demo_only
SYN-IMG-0067,SYN-PAT-039,train,False,synthetic_demo_only
SYN-IMG-0068,SYN-PAT-040,train,False,synthetic_demo_only
SYN-IMG-0069,SYN-PAT-040,train,False,synthetic_demo_only
SYN-IMG-0070,SYN-PAT-041,train,False,synthetic_demo_only
SYN-IMG-0071,SYN-PAT-042,train,False,synthetic_demo_only
SYN-IMG-0072,SYN-PAT-042,train,False,synthetic_demo_only
SYN-IMG-0073,SYN-PAT-043,train,False,synthetic_demo_only
SYN-IMG-0074,SYN-PAT-044,train,False,synthetic_demo_only
SYN-IMG-0075,SYN-PAT-045,train,False,synthetic_demo_only
SYN-IMG-0076,SYN-PAT-045,train,False,synthetic_demo_only
SYN-IMG-0077,SYN-PAT-046,train,False,synthetic_demo_only
SYN-IMG-0078,SYN-PAT-047,train,False,synthetic_demo_only
SYN-IMG-0079,SYN-PAT-047,train,False,synthetic_demo_only
SYN-IMG-0080,SYN-PAT-048,train,False,synthetic_demo_only
SYN-IMG-0081,SYN-PAT-049,train,False,synthetic_demo_only
SYN-IMG-0082,SYN-PAT-049,train,False,synthetic_demo_only
SYN-IMG-0083,SYN-PAT-050,train,False,synthetic_demo_only
SYN-IMG-0084,SYN-PAT-050,train,False,synthetic_demo_only
SYN-IMG-0085,SYN-PAT-051,train,False,synthetic_demo_only
SYN-IMG-0086,SYN-PAT-051,train,True,synthetic_demo_only
SYN-IMG-0087,SYN-PAT-052,train,True,synthetic_demo_only
SYN-IMG-0088,SYN-PAT-053,train,True,synthetic_demo_only
SYN-IMG-0089,SYN-PAT-053,train,False,synthetic_demo_only
SYN-IMG-0090,SYN-PAT-054,train,False,synthetic_demo_only
SYN-IMG-0091,SYN-PAT-054,train,True,synthetic_demo_only
SYN-IMG-0092,SYN-PAT-055,train,False,synthetic_demo_only
SYN-IMG-0093,SYN-PAT-056,train,False,synthetic_demo_only
SYN-IMG-0094,SYN-PAT-056,train,False,synthetic_demo_only
SYN-IMG-0095,SYN-PAT-057,train,False,synthetic_demo_only
SYN-IMG-0096,SYN-PAT-058,train,False,synthetic_demo_only
SYN-IMG-0097,SYN-PAT-058,train,True,synthetic_demo_only
SYN-IMG-0098,SYN-PAT-059,train,False,synthetic_demo_only
SYN-IMG-0099,SYN-PAT-059,train,False,synthetic_demo_only
SYN-IMG-0100,SYN-PAT-060,train,False,synthetic_demo_only
SYN-IMG-0101,SYN-PAT-061,train,True,synthetic_demo_only
SYN-IMG-0102,SYN-PAT-062,train,False,synthetic_demo_only
SYN-IMG-0103,SYN-PAT-063,train,False,synthetic_demo_only
SYN-IMG-0104,SYN-PAT-063,train,False,synthetic_demo_only
SYN-IMG-0105,SYN-PAT-064,train,False,synthetic_demo_only
SYN-IMG-0106,SYN-PAT-064,train,False,synthetic_demo_only
SYN-IMG-0107,SYN-PAT-065,train,False,synthetic_demo_only
SYN-IMG-0108,SYN-PAT-065,train,False,synthetic_demo_only
SYN-IMG-0109,SYN-PAT-066,train,True,synthetic_demo_only
SYN-IMG-0110,SYN-PAT-067,train,False,synthetic_demo_only
SYN-IMG-0111,SYN-PAT-068,train,False,synthetic_demo_only
SYN-IMG-0112,SYN-PAT-068,train,False,synthetic_demo_only
SYN-IMG-0113,SYN-PAT-069,train,False,synthetic_demo_only
SYN-IMG-0114,SYN-PAT-069,train,False,synthetic_demo_only
SYN-IMG-0115,SYN-PAT-070,train,False,synthetic_demo_only
SYN-IMG-0116,SYN-PAT-070,train,False,synthetic_demo_only
SYN-IMG-0117,SYN-PAT-071,train,False,synthetic_demo_only
SYN-IMG-0118,SYN-PAT-071,train,False,synthetic_demo_only
SYN-IMG-0119,SYN-PAT-072,train,False,synthetic_demo_only
SYN-IMG-0120,SYN-PAT-072,train,True,synthetic_demo_only
SYN-IMG-0121,SYN-PAT-073,train,False,synthetic_demo_only
SYN-IMG-0122,SYN-PAT-074,train,False,synthetic_demo_only
SYN-IMG-0123,SYN-PAT-074,train,False,synthetic_demo_only
SYN-IMG-0124,SYN-PAT-075,train,False,synthetic_demo_only
SYN-IMG-0125,SYN-PAT-075,train,False,synthetic_demo_only
SYN-IMG-0126,SYN-PAT-076,train,False,synthetic_demo_only
SYN-IMG-0127,SYN-PAT-076,train,False,synthetic_demo_only
SYN-IMG-0128,SYN-PAT-077,train,False,synthetic_demo_only
SYN-IMG-0129,SYN-PAT-077,train,False,synthetic_demo_only
SYN-IMG-0130,SYN-PAT-078,train,False,synthetic_demo_only
SYN-IMG-0131,SYN-PAT-078,train,False,synthetic_demo_only
SYN-IMG-0132,SYN-PAT-079,train,False,synthetic_demo_only
SYN-IMG-0133,SYN-PAT-079,train,False,synthetic_demo_only
SYN-IMG-0134,SYN-PAT-080,train,False,synthetic_demo_only
SYN-IMG-0135,SYN-PAT-080,train,False,synthetic_demo_only
SYN-IMG-0136,SYN-PAT-081,train,False,synthetic_demo_only
SYN-IMG-0137,SYN-PAT-082,train,False,synthetic_demo_only
SYN-IMG-0138,SYN-PAT-082,train,False,synthetic_demo_only
SYN-IMG-0139,SYN-PAT-083,train,False,synthetic_demo_only
SYN-IMG-0140,SYN-PAT-083,train,False,synthetic_demo_only
SYN-IMG-0141,SYN-PAT-084,train,False,synthetic_demo_only
SYN-IMG-0142,SYN-PAT-084,train,False,synthetic_demo_only
SYN-IMG-0143,SYN-PAT-085,train,False,synthetic_demo_only
SYN-IMG-0144,SYN-PAT-085,train,False,synthetic_demo_only
SYN-IMG-0145,SYN-PAT-086,train,False,synthetic_demo_only
SYN-IMG-0146,SYN-PAT-087,train,False,synthetic_demo_only
SYN-IMG-0147,SYN-PAT-088,train,False,synthetic_demo_only
SYN-IMG-0148,SYN-PAT-089,train,False,synthetic_demo_only
SYN-IMG-0149,SYN-PAT-090,train,False,synthetic_demo_only
SYN-IMG-0150,SYN-PAT-090,train,False,synthetic_demo_only
SYN-IMG-0151,SYN-PAT-091,train,False,synthetic_demo_only
SYN-IMG-0152,SYN-PAT-092,train,False,synthetic_demo_only
SYN-IMG-0153,SYN-PAT-092,train,False,synthetic_demo_only
SYN-IMG-0154,SYN-PAT-093,train,False,synthetic_demo_only
SYN-IMG-0155,SYN-PAT-094,train,False,synthetic_demo_only
SYN-IMG-0156,SYN-PAT-095,train,False,synthetic_demo_only
SYN-IMG-0157,SYN-PAT-095,train,False,synthetic_demo_only
SYN-IMG-0158,SYN-PAT-096,train,False,synthetic_demo_only
SYN-IMG-0159,SYN-PAT-096,train,False,synthetic_demo_only
SYN-IMG-0160,SYN-PAT-097,train,False,synthetic_demo_only
SYN-IMG-0161,SYN-PAT-097,train,False,synthetic_demo_only
SYN-IMG-0162,SYN-PAT-098,train,False,synthetic_demo_only
SYN-IMG-0163,SYN-PAT-099,train,False,synthetic_demo_only
SYN-IMG-0164,SYN-PAT-099,train,False,synthetic_demo_only
SYN-IMG-0165,SYN-PAT-100,train,False,synthetic_demo_only
SYN-IMG-0166,SYN-PAT-101,train,False,synthetic_demo_only
SYN-IMG-0167,SYN-PAT-101,train,False,synthetic_demo_only
SYN-IMG-0168,SYN-PAT-102,train,False,synthetic_demo_only
SYN-IMG-0169,SYN-PAT-103,train,False,synthetic_demo_only
SYN-IMG-0170,SYN-PAT-104,train,True,synthetic_demo_only
SYN-IMG-0171,SYN-PAT-104,train,False,synthetic_demo_only
SYN-IMG-0172,SYN-PAT-105,train,True,synthetic_demo_only
SYN-IMG-0173,SYN-PAT-106,train,True,synthetic_demo_only
SYN-IMG-0174,SYN-PAT-106,train,False,synthetic_demo_only
SYN-IMG-0175,SYN-PAT-107,train,False,synthetic_demo_only
SYN-IMG-0176,SYN-PAT-107,train,False,synthetic_demo_only
SYN-IMG-0177,SYN-PAT-108,train,False,synthetic_demo_only
SYN-IMG-0178,SYN-PAT-109,train,False,synthetic_demo_only
SYN-IMG-0179,SYN-PAT-109,train,False,synthetic_demo_only
SYN-IMG-0180,SYN-PAT-110,train,False,synthetic_demo_only
SYN-IMG-0181,SYN-PAT-110,train,False,synthetic_demo_only
SYN-IMG-0182,SYN-PAT-111,train,False,synthetic_demo_only
SYN-IMG-0183,SYN-PAT-111,train,False,synthetic_demo_only
SYN-IMG-0184,SYN-PAT-112,train,False,synthetic_demo_only
SYN-IMG-0185,SYN-PAT-112,train,False,synthetic_demo_only
SYN-IMG-0186,SYN-PAT-113,train,False,synthetic_demo_only
SYN-IMG-0187,SYN-PAT-114,train,False,synthetic_demo_only
SYN-IMG-0188,SYN-PAT-114,train,False,synthetic_demo_only
SYN-IMG-0189,SYN-PAT-115,train,False,synthetic_demo_only
SYN-IMG-0190,SYN-PAT-115,train,False,synthetic_demo_only
SYN-IMG-0191,SYN-PAT-116,train,False,synthetic_demo_only
SYN-IMG-0192,SYN-PAT-116,train,False,synthetic_demo_only
SYN-IMG-0193,SYN-PAT-117,train,True,synthetic_demo_only
SYN-IMG-0194,SYN-PAT-117,train,False,synthetic_demo_only
SYN-IMG-0195,SYN-PAT-118,train,False,synthetic_demo_only
SYN-IMG-0196,SYN-PAT-118,train,False,synthetic_demo_only
SYN-IMG-0197,SYN-PAT-119,train,False,synthetic_demo_only
SYN-IMG-0198,SYN-PAT-119,train,False,synthetic_demo_only
SYN-IMG-0199,SYN-PAT-120,train,False,synthetic_demo_only
SYN-IMG-0200,SYN-PAT-121,train,False,synthetic_demo_only
SYN-IMG-0201,SYN-PAT-122,train,True,synthetic_demo_only
SYN-IMG-0202,SYN-PAT-123,train,False,synthetic_demo_only
SYN-IMG-0203,SYN-PAT-123,train,False,synthetic_demo_only
SYN-IMG-0204,SYN-PAT-124,train,False,synthetic_demo_only
SYN-IMG-0205,SYN-PAT-125,train,False,synthetic_demo_only
SYN-IMG-0206,SYN-PAT-125,train,True,synthetic_demo_only
SYN-IMG-0207,SYN-PAT-126,train,False,synthetic_demo_only
SYN-IMG-0208,SYN-PAT-127,train,False,synthetic_demo_only
SYN-IMG-0209,SYN-PAT-127,train,False,synthetic_demo_only
SYN-IMG-0210,SYN-PAT-128,train,False,synthetic_demo_only
SYN-IMG-0211,SYN-PAT-128,train,False,synthetic_demo_only
SYN-IMG-0212,SYN-PAT-129,train,False,synthetic_demo_only
SYN-IMG-0213,SYN-PAT-129,train,False,synthetic_demo_only
SYN-IMG-0214,SYN-PAT-130,train,False,synthetic_demo_only
SYN-IMG-0215,SYN-PAT-130,train,False,synthetic_demo_only
SYN-IMG-0216,SYN-PAT-131,val,False,synthetic_demo_only
SYN-IMG-0217,SYN-PAT-131,val,False,synthetic_demo_only
SYN-IMG-0218,SYN-PAT-132,val,False,synthetic_demo_only
SYN-IMG-0219,SYN-PAT-132,val,False,synthetic_demo_only
SYN-IMG-0220,SYN-PAT-133,val,False,synthetic_demo_only
SYN-IMG-0221,SYN-PAT-133,val,False,synthetic_demo_only
SYN-IMG-0222,SYN-PAT-134,val,False,synthetic_demo_only
SYN-IMG-0223,SYN-PAT-134,val,False,synthetic_demo_only
SYN-IMG-0224,SYN-PAT-135,val,True,synthetic_demo_only
SYN-IMG-0225,SYN-PAT-135,val,False,synthetic_demo_only
SYN-IMG-0226,SYN-PAT-136,val,False,synthetic_demo_only
SYN-IMG-0227,SYN-PAT-136,val,False,synthetic_demo_only
SYN-IMG-0228,SYN-PAT-137,val,False,synthetic_demo_only
SYN-IMG-0229,SYN-PAT-138,val,False,synthetic_demo_only
SYN-IMG-0230,SYN-PAT-138,val,False,synthetic_demo_only
SYN-IMG-0231,SYN-PAT-139,val,False,synthetic_demo_only
SYN-IMG-0232,SYN-PAT-139,val,False,synthetic_demo_only
SYN-IMG-0233,SYN-PAT-140,val,False,synthetic_demo_only
SYN-IMG-0234,SYN-PAT-141,val,False,synthetic_demo_only
SYN-IMG-0235,SYN-PAT-141,val,False,synthetic_demo_only
SYN-IMG-0236,SYN-PAT-142,val,True,synthetic_demo_only
SYN-IMG-0237,SYN-PAT-143,val,False,synthetic_demo_only
SYN-IMG-0238,SYN-PAT-144,val,True,synthetic_demo_only
SYN-IMG-0239,SYN-PAT-145,val,False,synthetic_demo_only
SYN-IMG-0240,SYN-PAT-146,val,False,synthetic_demo_only
SYN-IMG-0241,SYN-PAT-146,val,False,synthetic_demo_only
SYN-IMG-0242,SYN-PAT-147,val,False,synthetic_demo_only
SYN-IMG-0243,SYN-PAT-147,val,False,synthetic_demo_only
SYN-IMG-0244,SYN-PAT-148,val,False,synthetic_demo_only
SYN-IMG-0245,SYN-PAT-148,val,False,synthetic_demo_only
SYN-IMG-0246,SYN-PAT-149,val,False,synthetic_demo_only
SYN-IMG-0247,SYN-PAT-150,val,False,synthetic_demo_only
SYN-IMG-0248,SYN-PAT-150,val,False,synthetic_demo_only
SYN-IMG-0249,SYN-PAT-151,val,False,synthetic_demo_only
SYN-IMG-0250,SYN-PAT-151,val,False,synthetic_demo_only
SYN-IMG-0251,SYN-PAT-152,val,False,synthetic_demo_only
SYN-IMG-0252,SYN-PAT-152,val,False,synthetic_demo_only
SYN-IMG-0253,SYN-PAT-153,val,False,synthetic_demo_only
SYN-IMG-0254,SYN-PAT-153,val,True,synthetic_demo_only
SYN-IMG-0255,SYN-PAT-154,val,False,synthetic_demo_only
SYN-IMG-0256,SYN-PAT-154,val,False,synthetic_demo_only
SYN-IMG-0257,SYN-PAT-155,val,False,synthetic_demo_only
SYN-IMG-0258,SYN-PAT-155,val,False,synthetic_demo_only
SYN-IMG-0259,SYN-PAT-156,val,True,synthetic_demo_only
SYN-IMG-0260,SYN-PAT-156,val,False,synthetic_demo_only
SYN-IMG-0261,SYN-PAT-157,val,False,synthetic_demo_only
SYN-IMG-0262,SYN-PAT-158,test,False,synthetic_demo_only
SYN-IMG-0263,SYN-PAT-159,test,False,synthetic_demo_only
SYN-IMG-0264,SYN-PAT-159,test,False,synthetic_demo_only
SYN-IMG-0265,SYN-PAT-160,test,False,synthetic_demo_only
SYN-IMG-0266,SYN-PAT-161,test,False,synthetic_demo_only
SYN-IMG-0267,SYN-PAT-161,test,False,synthetic_demo_only
SYN-IMG-0268,SYN-PAT-162,test,False,synthetic_demo_only
SYN-IMG-0269,SYN-PAT-162,test,False,synthetic_demo_only
SYN-IMG-0270,SYN-PAT-163,test,False,synthetic_demo_only
SYN-IMG-0271,SYN-PAT-163,test,False,synthetic_demo_only
SYN-IMG-0272,SYN-PAT-164,test,True,synthetic_demo_only
SYN-IMG-0273,SYN-PAT-164,test,False,synthetic_demo_only
SYN-IMG-0274,SYN-PAT-165,test,False,synthetic_demo_only
SYN-IMG-0275,SYN-PAT-166,test,False,synthetic_demo_only
SYN-IMG-0276,SYN-PAT-166,test,False,synthetic_demo_only
SYN-IMG-0277,SYN-PAT-167,test,False,synthetic_demo_only
SYN-IMG-0278,SYN-PAT-168,test,False,synthetic_demo_only
SYN-IMG-0279,SYN-PAT-168,test,False,synthetic_demo_only
SYN-IMG-0280,SYN-PAT-169,test,False,synthetic_demo_only
SYN-IMG-0281,SYN-PAT-169,test,False,synthetic_demo_only
SYN-IMG-0282,SYN-PAT-170,test,False,synthetic_demo_only
SYN-IMG-0283,SYN-PAT-170,test,False,synthetic_demo_only
SYN-IMG-0284,SYN-PAT-171,test,False,synthetic_demo_only
SYN-IMG-0285,SYN-PAT-172,test,False,synthetic_demo_only
SYN-IMG-0286,SYN-PAT-173,test,False,synthetic_demo_only
SYN-IMG-0287,SYN-PAT-173,test,False,synthetic_demo_only
SYN-IMG-0288,SYN-PAT-174,test,False,synthetic_demo_only
SYN-IMG-0289,SYN-PAT-174,test,False,synthetic_demo_only
SYN-IMG-0290,SYN-PAT-175,test,False,synthetic_demo_only
SYN-IMG-0291,SYN-PAT-176,test,False,synthetic_demo_only
SYN-IMG-0292,SYN-PAT-176,test,True,synthetic_demo_only
SYN-IMG-0293,SYN-PAT-177,test,False,synthetic_demo_only
SYN-IMG-0294,SYN-PAT-177,test,False,synthetic_demo_only
SYN-IMG-0295,SYN-PAT-178,test,False,synthetic_demo_only
SYN-IMG-0296,SYN-PAT-179,test,False,synthetic_demo_only
SYN-IMG-0297,SYN-PAT-179,test,True,synthetic_demo_only
SYN-IMG-0298,SYN-PAT-180,test,False,synthetic_demo_only
SYN-IMG-0299,SYN-PAT-180,test,False,synthetic_demo_only
SYN-IMG-0300,SYN-PAT-181,test,False,synthetic_demo_only
SYN-IMG-0301,SYN-PAT-181,test,False,synthetic_demo_only
SYN-IMG-0302,SYN-PAT-182,test,False,synthetic_demo_only
SYN-IMG-0303,SYN-PAT-182,test,True,synthetic_demo_only
SYN-IMG-0304,SYN-PAT-183,test,False,synthetic_demo_only
SYN-IMG-0305,SYN-PAT-183,test,False,synthetic_demo_only
SYN-IMG-0306,SYN-PAT-184,test,False,synthetic_demo_only
SYN-IMG-0307,SYN-PAT-185,test,True,synthetic_demo_only
