patient_id,split,image_count,empty_mask_count,record_type
SYN-PAT-001,train,2,0,synthetic_demo_only
SYN-PAT-002,train,2,0,synthetic_demo_only
SYN-PAT-003,train,1,0,synthetic_demo_only
SYN-PAT-004,train,2,1,synthetic_demo_only
SYN-PAT-005,train,2,0,synthetic_demo_only
SYN-PAT-006,train,2,1,synthetic_demo_only
SYN-PAT-007,train,2,1,synthetic_demo_only
SYN-PAT-008,train,2,0,synthetic_demo_only
SYN-PAT-009,train,2,0,synthetic_demo_only
SYN-PAT-010,train,2,1,synthetic_demo_only
SYN-PAT-011,train,2,0,synthetic_demo_only
SYN-PAT-012,train,1,1,synthetic_demo_only
SYN-PAT-013,train,1,0,synthetic_demo_only
SYN-PAT-014,train,2,0,synthetic_demo_only
SYN-PAT-015,train,2,0,synthetic_demo_only
SYN-PAT-016,train,1,0,synthetic_demo_only
SYN-PAT-017,train,2,0,synthetic_demo_only
SYN-PAT-018,train,1,1,synthetic_demo_only
SYN-PAT-019,train,2,0,synthetic_demo_only
SYN-PAT-020,train,2,0,synthetic_demo_only
SYN-PAT-021,train,2,0,synthetic_demo_only
SYN-PAT-022,train,1,0,synthetic_demo_only
SYN-PAT-023,train,2,0,synthetic_demo_only
SYN-PAT-024,train,2,0,synthetic_demo_only
SYN-PAT-025,train,2,1,synthetic_demo_only
SYN-PAT-026,train,2,0,synthetic_demo_only
SYN-PAT-027,train,1,1,synthetic_demo_only
SYN-PAT-028,train,2,0,synthetic_demo_only
SYN-PAT-029,train,1,0,synthetic_demo_only
SYN-PAT-030,train,2,1,synthetic_demo_only
SYN-PAT-031,train,2,0,synthetic_demo_only
SYN-PAT-032,train,2,1,synthetic_demo_only
SYN-PAT-033,train,1,0,synthetic_demo_only
SYN-PAT-034,train,1,0,synthetic_demo_only
SYN-PAT-035,train,2,0,synthetic_demo_only
SYN-PAT-036,train,1,0,synthetic_demo_only
SYN-PAT-037,train,2,1,synthetic_demo_only
SYN-PAT-038,train,2,0,synthetic_demo_only
SYN-PAT-039,train,2,0,synthetic_demo_only
SYN-PAT-040,train,2,0,synthetic_demo_only
SYN-PAT-041,train,1,0,synthetic_demo_only
SYN-PAT-042,train,2,0,synthetic_demo_only
SYN-PAT-043,train,1,0,synthetic_demo_only
SYN-PAT-044,train,1,0,synthetic_demo_only
SYN-PAT-045,train,2,0,synthetic_demo_only
SYN-PAT-046,train,1,0,synthetic_demo_only
SYN-PAT-047,train,2,0,synthetic_demo_only
SYN-PAT-048,train,1,0,synthetic_demo_only
SYN-PAT-049,train,2,0,synthetic_demo_only
SYN-PAT-050,train,2,0,synthetic_demo_only
SYN-PAT-051,train,2,1,synthetic_demo_only
SYN-PAT-052,train,1,1,synthetic_demo_only
SYN-PAT-053,train,2,1,synthetic_demo_only
SYN-PAT-054,train,2,1,synthetic_demo_only
SYN-PAT-055,train,1,0,synthetic_demo_only
SYN-PAT-056,train,2,0,synthetic_demo_only
SYN-PAT-057,train,1,0,synthetic_demo_only
SYN-PAT-058,train,2,1,synthetic_demo_only
SYN-PAT-059,train,2,0,synthetic_demo_only
SYN-PAT-060,train,1,0,synthetic_demo_only
SYN-PAT-061,train,1,1,synthetic_demo_only
SYN-PAT-062,train,1,0,synthetic_demo_only
SYN-PAT-063,train,2,0,synthetic_demo_only
SYN-PAT-064,train,2,0,synthetic_demo_only
SYN-PAT-065,train,2,0,synthetic_demo_only
SYN-PAT-066,train,1,1,synthetic_demo_only
SYN-PAT-067,train,1,0,synthetic_demo_only
SYN-PAT-068,train,2,0,synthetic_demo_only
SYN-PAT-069,train,2,0,synthetic_demo_only
SYN-PAT-070,train,2,0,synthetic_demo_only
SYN-PAT-071,train,2,0,synthetic_demo_only
SYN-PAT-072,train,2,1,synthetic_demo_only
SYN-PAT-073,train,1,0,synthetic_demo_only
SYN-PAT-074,train,2,0,synthetic_demo_only
SYN-PAT-075,train,2,0,synthetic_demo_only
SYN-PAT-076,train,2,0,synthetic_demo_only
SYN-PAT-077,train,2,0,synthetic_demo_only
SYN-PAT-078,train,2,0,synthetic_demo_only
SYN-PAT-079,train,2,0,synthetic_demo_only
SYN-PAT-080,train,2,0,synthetic_demo_only
SYN-PAT-081,train,1,0,synthetic_demo_only
SYN-PAT-082,train,2,0,synthetic_demo_only
SYN-PAT-083,train,2,0,synthetic_demo_only
SYN-PAT-084,train,2,0,synthetic_demo_only
SYN-PAT-085,train,2,0,synthetic_demo_only
SYN-PAT-086,train,1,0,synthetic_demo_only
SYN-PAT-087,train,1,0,synthetic_demo_only
SYN-PAT-088,train,1,0,synthetic_demo_only
SYN-PAT-089,train,1,0,synthetic_demo_only
SYN-PAT-090,train,2,0,synthetic_demo_only
SYN-PAT-091,train,1,0,synthetic_demo_only
SYN-PAT-092,train,2,0,synthetic_demo_only
SYN-PAT-093,train,1,0,synthetic_demo_only
SYN-PAT-094,train,1,0,synthetic_demo_only
SYN-PAT-095,train,2,0,synthetic_demo_only
SYN-PAT-096,train,2,0,synthetic_demo_only
SYN-PAT-097,train,2,0,synthetic_demo_only
SYN-PAT-098,train,1,0,synthetic_demo_only
SYN-PAT-099,train,2,0,synthetic_demo_only
SYN-PAT-100,train,1,0,synthetic_demo_only
SYN-PAT-101,train,2,0,synthetic_demo_only
SYN-PAT-102,train,1,0,synthetic_demo_only
SYN-PAT-103,train,1,0,synthetic_demo_only
SYN-PAT-104,train,2,1,synthetic_demo_only
SYN-PAT-105,train,1,1,synthetic_demo_only
SYN-PAT-106,train,2,1,synthetic_demo_only
SYN-PAT-107,train,2,0,synthetic_demo_only
SYN-PAT-108,train,1,0,synthetic_demo_only
SYN-PAT-109,train,2,0,synthetic_demo_only
SYN-PAT-110,train,2,0,synthetic_demo_only
SYN-PAT-111,train,2,0,synthetic_demo_only
SYN-PAT-112,train,2,0,synthetic_demo_only
SYN-PAT-113,train,1,0,synthetic_demo_only
SYN-PAT-114,train,2,0,synthetic_demo_only
SYN-PAT-115,train,2,0,synthetic_demo_only
SYN-PAT-116,train,2,0,synthetic_demo_only
SYN-PAT-117,train,2,1,synthetic_demo_only
SYN-PAT-118,train,2,0,synthetic_demo_only
SYN-PAT-119,train,2,0,synthetic_demo_only
SYN-PAT-120,train,1,0,synthetic_demo_only
SYN-PAT-121,train,1,0,synthetic_demo_only
SYN-PAT-122,train,1,1,synthetic_demo_only
SYN-PAT-123,train,2,0,synthetic_demo_only
SYN-PAT-124,train,1,0,synthetic_demo_only
SYN-PAT-125,train,2,1,synthetic_demo_only
SYN-PAT-126,train,1,0,synthetic_demo_only
SYN-PAT-127,train,2,0,synthetic_demo_only
SYN-PAT-128,train,2,0,synthetic_demo_only
SYN-PAT-129,train,2,0,synthetic_demo_only
SYN-PAT-130,train,2,0,synthetic_demo_only
SYN-PAT-131,val,2,0,synthetic_demo_only
SYN-PAT-132,val,2,0,synthetic_demo_only
SYN-PAT-133,val,2,0,synthetic_demo_only
SYN-PAT-134,val,2,0,synthetic_demo_only
SYN-PAT-135,val,2,1,synthetic_demo_only
SYN-PAT-136,val,2,0,synthetic_demo_only
SYN-PAT-137,val,1,0,synthetic_demo_only
SYN-PAT-138,val,2,0,synthetic_demo_only
SYN-PAT-139,val,2,0,synthetic_demo_only
SYN-PAT-140,val,1,0,synthetic_demo_only
SYN-PAT-141,val,2,0,synthetic_demo_only
SYN-PAT-142,val,1,1,synthetic_demo_only
SYN-PAT-143,val,1,0,synthetic_demo_only
SYN-PAT-144,val,1,1,synthetic_demo_only
SYN-PAT-145,val,1,0,synthetic_demo_only
SYN-PAT-146,val,2,0,synthetic_demo_only
SYN-PAT-147,val,2,0,synthetic_demo_only
SYN-PAT-148,val,2,0,synthetic_demo_only
SYN-PAT-149,val,1,0,synthetic_demo_only
SYN-PAT-150,val,2,0,synthetic_demo_only
SYN-PAT-151,val,2,0,synthetic_demo_only
SYN-PAT-152,val,2,0,synthetic_demo_only
SYN-PAT-153,val,2,1,synthetic_demo_only
SYN-PAT-154,val,2,0,synthetic_demo_only
SYN-PAT-155,val,2,0,synthetic_demo_only
SYN-PAT-156,val,2,1,synthetic_demo_only
SYN-PAT-157,val,1,0,synthetic_demo_only
SYN-PAT-158,test,1,0,synthetic_demo_only
SYN-PAT-159,test,2,0,synthetic_demo_only
SYN-PAT-160,test,1,0,synthetic_demo_only
SYN-PAT-161,test,2,0,synthetic_demo_only
SYN-PAT-162,test,2,0,synthetic_demo_only
SYN-PAT-163,test,2,0,synthetic_demo_only
SYN-PAT-164,test,2,1,synthetic_demo_only
SYN-PAT-165,test,1,0,synthetic_demo_only
SYN-PAT-166,test,2,0,synthetic_demo_only
SYN-PAT-167,test,1,0,synthetic_demo_only
SYN-PAT-168,test,2,0,synthetic_demo_only
SYN-PAT-169,test,2,0,synthetic_demo_only
SYN-PAT-170,test,2,0,synthetic_demo_only
SYN-PAT-171,test,1,0,synthetic_demo_only
SYN-PAT-172,test,1,0,synthetic_demo_only
SYN-PAT-173,test,2,0,synthetic_demo_only
SYN-PAT-174,test,2,0,synthetic_demo_only
SYN-PAT-175,test,1,0,synthetic_demo_only
SYN-PAT-176,test,2,1,synthetic_demo_only
SYN-PAT-177,test,2,0,synthetic_demo_only
SYN-PAT-178,test,1,0,synthetic_demo_only
SYN-PAT-179,test,2,1,synthetic_demo_only
SYN-PAT-180,test,2,0,synthetic_demo_only
SYN-PAT-181,test,2,0,synthetic_demo_only
SYN-PAT-182,test,2,1,synthetic_demo_only
SYN-PAT-183,test,2,0,synthetic_demo_only
SYN-PAT-184,test,1,0,synthetic_demo_only
SYN-PAT-185,test,1,1,synthetic_demo_only
