image_id,patient_id,label
822,SIM-8B3FF382B5,1
712,SIM-8B3FF382B5,1
50,SIM-3BB0300897,1
1396,SIM-3BB0300897,1
1368,SIM-3BB0300897,1
1161,SIM-3BB0300897,1
1052,SIM-4AEFBB7435,1
941,SIM-4AEFBB7435,1
481,SIM-4AEFBB7435,1
35,SIM-7B393E3503,1
212,SIM-7B393E3503,1
969,SIM-7B393E3503,1
139,SIM-7B393E3503,1
367,SIM-A4A47521E7,1
788,SIM-AAF8C03DFC,1
731,SIM-5C0D445787,1
161,SIM-BEC8635CFC,1
674,SIM-BE4C560BC4,1
108,SIM-BE4C560BC4,1
347,SIM-FE54AACB61,1
1320,SIM-705E34694D,1
949,SIM-705E34694D,1
462,SIM-9A0C4ADF34,1
723,SIM-1EE2BF97B3,1
1057,SIM-1EFA994835,1
446,SIM-1E79D3511D,1
1462,SIM-1E79D3511D,1
480,SIM-DEE0FE4C70,1
513,SIM-DEE0FE4C70,1
1250,SIM-005A0CBEEE,1
286,SIM-005A0CBEEE,1
31,SIM-C2B1B50C2E,1
1266,SIM-C2B1B50C2E,1
858,SIM-42565BF9EA,1
196,SIM-42565BF9EA,1
1442,SIM-42565BF9EA,1
11,SIM-F263DAFE19,1
439,SIM-F263DAFE19,1
1417,SIM-258EF2879B,1
1011,SIM-A778B846E0,1
1321,SIM-A778B846E0,1
719,SIM-A778B846E0,1
607,SIM-A778B846E0,1
423,SIM-ABD4425E45,1
95,SIM-ABD4425E45,1
1424,SIM-352529081C,1
505,SIM-B74A039BD2,1
725,SIM-D871EEE64E,1
1109,SIM-C743EB1183,1
583,SIM-B342C97298,1
655,SIM-64C4593262,1
999,SIM-64C4593262,1
182,SIM-64C4593262,1
720,SIM-64C4593262,1
761,SIM-B36EF672E7,1
317,SIM-1400AEBE2D,1
435,SIM-1400AEBE2D,1
1281,SIM-E3EAA2968A,1
1310,SIM-30FF3EFB75,1
362,SIM-30FF3EFB75,1
7,SIM-30FF3EFB75,1
1284,SIM-78F429E5F1,1
1434,SIM-78F429E5F1,1
389,SIM-F30554FE18,1
1247,SIM-F30554FE18,1
49,SIM-F30554FE18,1
818,SIM-9A4CF9D351,1
1020,SIM-23A3F38553,1
390,SIM-23A3F38553,1
263,SIM-55F8187C7B,1
379,SIM-55F8187C7B,1
1297,SIM-55F8187C7B,1
471,SIM-55F8187C7B,1
337,SIM-C188B37134,1
540,SIM-5B2D0C66BF,1
61,SIM-5B2D0C66BF,1
364,SIM-5B2D0C66BF,1
1119,SIM-5EEC210B4A,1
819,SIM-5EEC210B4A,1
1103,SIM-5EEC210B4A,1
1414,SIM-BDCCBC50EF,1
1102,SIM-BDCCBC50EF,1
619,SIM-79153B0251,1
1293,SIM-79153B0251,1
968,SIM-79153B0251,1
702,SIM-79153B0251,1
745,SIM-6DA22A514B,1
497,SIM-6DA22A514B,1
901,SIM-BBA822421C,1
28,SIM-BBA822421C,1
131,SIM-BBA822421C,1
1436,SIM-4D4D5AAD8C,1
415,SIM-4D4D5AAD8C,1
9,SIM-CEED2DFD67,1
232,SIM-CEED2DFD67,1
355,SIM-CEED2DFD67,1
198,SIM-CEED2DFD67,1
52,SIM-2D7F058B60,1
424,SIM-2D7F058B60,1
1118,SIM-2D7F058B60,1
1251,SIM-706E53231B,1
615,SIM-DF191714BF,1
467,SIM-DF191714BF,1
86,SIM-4DDCD7A8F2,1
1223,SIM-4DDCD7A8F2,1
311,SIM-4DDCD7A8F2,1
458,SIM-4DDCD7A8F2,1
772,SIM-220C742E3C,1
338,SIM-3565B121DE,1
850,SIM-3565B121DE,1
30,SIM-DFFCC245C3,1
711,SIM-DFFCC245C3,1
722,SIM-DFFCC245C3,1
605,SIM-0954611D95,1
1248,SIM-0954611D95,1
1391,SIM-A8C2891894,1
1060,SIM-CC7BADFCB9,1
1289,SIM-CC7BADFCB9,1
1107,SIM-0C44DD3E0A,1
461,SIM-C5980F0FB6,1
635,SIM-C5980F0FB6,1
1249,SIM-C5980F0FB6,1
223,SIM-C5980F0FB6,1
55,SIM-D529A143C6,1
556,SIM-234FA73E9F,1
409,SIM-CDAD2820CE,1
975,SIM-CDAD2820CE,1
881,SIM-5AEE3201F1,1
81,SIM-5AEE3201F1,1
935,SIM-DA9ADBCD17,1
622,SIM-6AA003B6DC,1
130,SIM-6AA003B6DC,1
584,SIM-4216DEDB7B,1
486,SIM-4216DEDB7B,1
938,SIM-4216DEDB7B,1
920,SIM-010678754B,1
926,SIM-010678754B,1
721,SIM-010678754B,1
294,SIM-0192016882,1
1166,SIM-0192016882,1
321,SIM-0192016882,1
1160,SIM-0192016882,1
101,SIM-03AD5AC6F7,1
277,SIM-C64770ABF3,1
1059,SIM-C64770ABF3,1
1193,SIM-74721F28EA,1
876,SIM-74721F28EA,1
239,SIM-7D863A24C3,1
289,SIM-0C22BCAF25,1
398,SIM-0C22BCAF25,1
903,SIM-0C22BCAF25,1
1163,SIM-0C22BCAF25,1
172,SIM-C942AD8A1A,1
297,SIM-C942AD8A1A,1
756,SIM-C942AD8A1A,1
1145,SIM-BD1E893066,1
1172,SIM-BF2F0CB823,1
489,SIM-AE9496F61E,1
218,SIM-AE9496F61E,1
1206,SIM-AE9496F61E,1
32,SIM-994EA8E0C0,1
1210,SIM-994EA8E0C0,1
676,SIM-81040B538F,1
1,SIM-81040B538F,1
1128,SIM-EDA4E5F67E,1
1008,SIM-EDA4E5F67E,1
1263,SIM-B74FBB4316,1
1041,SIM-5D17B43B01,1
328,SIM-5D17B43B01,1
533,SIM-DED2A8A90E,1
677,SIM-CC371A1F38,1
2,SIM-B2449E4151,1
77,SIM-B2449E4151,1
927,SIM-B2449E4151,1
24,SIM-B2449E4151,1
59,SIM-8CBE7BBE52,1
1258,SIM-8CBE7BBE52,1
466,SIM-8CBE7BBE52,1
738,SIM-DA3F9D5A0D,1
668,SIM-DA3F9D5A0D,1
1451,SIM-37567D8D81,1
320,SIM-37567D8D81,1
832,SIM-D88C1FF121,1
1334,SIM-D88C1FF121,1
1318,SIM-8233A5B98D,1
349,SIM-01871A6F61,1
1438,SIM-01871A6F61,1
1027,SIM-01871A6F61,1
771,SIM-01871A6F61,1
1036,SIM-469FD61F6B,1
259,SIM-469FD61F6B,1
42,SIM-70EB4E1FBA,1
1105,SIM-2622FD1551,1
171,SIM-F5B60FFE60,1
1001,SIM-9C48256A91,1
1058,SIM-9C48256A91,1
717,SIM-BCD2D5D563,1
815,SIM-BCD2D5D563,1
360,SIM-BCD2D5D563,1
1213,SIM-BCD2D5D563,1
1446,SIM-A5AEF4103C,1
1240,SIM-A5AEF4103C,1
427,SIM-A5AEF4103C,1
450,SIM-40A447EC40,1
43,SIM-6458A4DB34,1
867,SIM-6458A4DB34,1
577,SIM-248A9A80F1,1
1265,SIM-248A9A80F1,1
312,SIM-248A9A80F1,1
855,SIM-D2EBA487B1,1
1346,SIM-59663A816E,1
669,SIM-59663A816E,1
138,SIM-59663A816E,1
1377,SIM-59663A816E,1
569,SIM-925C36C52E,1
1286,SIM-925C36C52E,1
852,SIM-925C36C52E,1
695,SIM-925C36C52E,1
1164,SIM-FACBA10186,1
17,SIM-FACBA10186,1
173,SIM-C40DF361D6,1
235,SIM-C40DF361D6,1
848,SIM-C40DF361D6,1
1064,SIM-C40DF361D6,1
875,SIM-5A9A35DB04,1
1459,SIM-C26D57CEE6,1
1375,SIM-C26D57CEE6,1
527,SIM-433666F3B9,1
1349,SIM-433666F3B9,1
597,SIM-433666F3B9,1
857,SIM-433666F3B9,1
726,SIM-D306AD7052,1
575,SIM-D306AD7052,1
282,SIM-D306AD7052,1
372,SIM-D306AD7052,1
426,SIM-F4C3D74063,1
348,SIM-3D8A7187BC,1
645,SIM-3D8A7187BC,1
395,SIM-3D8A7187BC,1
924,SIM-2C401F9D86,1
908,SIM-2C401F9D86,1
279,SIM-F847D1BEA1,1
93,SIM-F847D1BEA1,1
590,SIM-F847D1BEA1,1
555,SIM-5F99393B36,1
1292,SIM-CCBEBA7FB5,1
478,SIM-2D74302CD8,1
928,SIM-CBBBD1F07A,1
58,SIM-B17B30208E,1
983,SIM-28E5A963A4,1
724,SIM-28E5A963A4,1
251,SIM-928FFD913E,1
1356,SIM-928FFD913E,1
683,SIM-22FC7D08E2,1
1429,SIM-22FC7D08E2,1
798,SIM-33FC492DA1,1
940,SIM-33FC492DA1,1
1448,SIM-33FC492DA1,1
777,SIM-33FC492DA1,1
1142,SIM-40EDBED2FB,1
376,SIM-40EDBED2FB,1
291,SIM-8D7AF90C35,1
1437,SIM-8D7AF90C35,1
1195,SIM-8D7AF90C35,1
1456,SIM-22232413EF,1
1332,SIM-22232413EF,1
65,SIM-48D992287D,1
53,SIM-F4AE2D88EB,1
425,SIM-F4AE2D88EB,1
628,SIM-E4C91A8545,1
233,SIM-E4C91A8545,1
329,SIM-4E48B3F4C9,1
416,SIM-C553511D4F,1
1372,SIM-C553511D4F,1
397,SIM-ED45DECAF4,1
1158,SIM-ED45DECAF4,1
1207,SIM-12264C446F,1
407,SIM-12264C446F,1
974,SIM-8472D2B766,1
54,SIM-8472D2B766,1
733,SIM-8472D2B766,1
335,SIM-9E184B692F,1
1309,SIM-52C81DE659,1
986,SIM-52C81DE659,1
1449,SIM-D013EB4255,1
910,SIM-5CA4725FC1,1
1138,SIM-5CA4725FC1,1
799,SIM-5CA4725FC1,1
1044,SIM-56668B56B6,1
1419,SIM-45363BC598,1
1457,SIM-45363BC598,1
13,SIM-C6B6E672EE,1
1256,SIM-C6B6E672EE,1
624,SIM-C71E06FF19,1
417,SIM-C71E06FF19,1
104,SIM-C71E06FF19,1
67,SIM-C71E06FF19,1
1245,SIM-6BFD89E407,1
755,SIM-6BFD89E407,1
1296,SIM-AD0CF43A62,1
1280,SIM-BF6FE8C74F,1
1402,SIM-BF6FE8C74F,1
526,SIM-13DAB0E0B7,1
641,SIM-13DAB0E0B7,1
238,SIM-13DAB0E0B7,1
1098,SIM-A025E40747,1
1361,SIM-038150BCDF,1
1150,SIM-038150BCDF,1
119,SIM-64463CF472,1
754,SIM-A5A675BEAB,1
706,SIM-A5A675BEAB,1
1362,SIM-A5A675BEAB,1
183,SIM-A5A675BEAB,1
746,SIM-7BB0807CA8,1
34,SIM-7BB0807CA8,1
1447,SIM-7BB0807CA8,1
709,SIM-7BB0807CA8,1
907,SIM-CA7B081069,1
1174,SIM-CA7B081069,1
951,SIM-CA7B081069,1
1146,SIM-CA7B081069,1
846,SIM-BC5BCBAE3B,1
684,SIM-BC5BCBAE3B,1
1409,SIM-25CD4A5E6C,1
1259,SIM-60130BE0B5,1
929,SIM-60130BE0B5,1
262,SIM-60130BE0B5,1
972,SIM-60130BE0B5,1
178,SIM-B17EBCE0D4,1
598,SIM-B17EBCE0D4,1
224,SIM-5396C7432D,1
308,SIM-439CC8D2E8,1
843,SIM-439CC8D2E8,1
820,SIM-CA23466D52,1
432,SIM-AD24D60619,1
307,SIM-417500AB61,1
869,SIM-07D477645A,1
1278,SIM-07D477645A,1
637,SIM-07D477645A,1
485,SIM-17BF2AC0CC,1
1050,SIM-17BF2AC0CC,1
803,SIM-17BF2AC0CC,1
750,SIM-F8B21D6C02,1
618,SIM-F8B21D6C02,1
697,SIM-F8B21D6C02,1
715,SIM-F8B21D6C02,1
22,SIM-21F105A839,1
768,SIM-21F105A839,1
1080,SIM-BAC3204908,1
831,SIM-7D120315D4,1
434,SIM-CEE11DCFC7,1
866,SIM-CEE11DCFC7,1
629,SIM-50549C4773,1
340,SIM-50549C4773,1
110,SIM-A17DA842B4,1
728,SIM-A17DA842B4,1
1056,SIM-7663AAF0A2,1
408,SIM-7663AAF0A2,1
1290,SIM-7663AAF0A2,1
613,SIM-7663AAF0A2,1
1452,SIM-A323F4E620,1
1264,SIM-6A71D63C7C,1
192,SIM-6A71D63C7C,1
314,SIM-6A71D63C7C,1
378,SIM-577C7FD229,1
976,SIM-577C7FD229,1
827,SIM-577C7FD229,1
537,SIM-A4C4413627,1
1225,SIM-A4C4413627,1
1421,SIM-EA1A9C59E7,1
984,SIM-EA1A9C59E7,1
571,SIM-C74B3B3970,1
1045,SIM-6A208FC9AD,1
68,SIM-6A208FC9AD,1
646,SIM-7447907D25,1
1443,SIM-7447907D25,1
982,SIM-F0514745FD,1
205,SIM-E91BBB9EED,1
444,SIM-E91BBB9EED,1
796,SIM-B0700C6DA6,1
1261,SIM-5353BBBCC3,1
401,SIM-5353BBBCC3,1
1455,SIM-AEC69E7DBF,1
1139,SIM-AEC69E7DBF,1
433,SIM-2AFC0926C7,1
455,SIM-DA666F3E57,1
570,SIM-DA666F3E57,1
1101,SIM-DA666F3E57,1
40,SIM-477442E733,1
851,SIM-C7C3942B52,1
46,SIM-9B57B74E14,1
62,SIM-9B57B74E14,1
612,SIM-9B57B74E14,1
1192,SIM-5E523FFD09,1
18,SIM-5E523FFD09,1
1197,SIM-5E523FFD09,1
366,SIM-5E523FFD09,1
915,SIM-99E49673F2,1
1007,SIM-99E49673F2,1
885,SIM-12E4D099B5,1
118,SIM-12E4D099B5,1
642,SIM-DCF20C2A37,1
1326,SIM-C7BDAD1C6D,1
617,SIM-C7BDAD1C6D,1
978,SIM-7E0E4F68D6,1
781,SIM-A275D2F899,1
1021,SIM-A275D2F899,1
680,SIM-A275D2F899,1
813,SIM-A275D2F899,1
365,SIM-067C50A98B,1
241,SIM-067C50A98B,1
460,SIM-067C50A98B,1
465,SIM-C607691673,1
1152,SIM-C607691673,1
1129,SIM-5D05E884BA,1
749,SIM-5D05E884BA,1
541,SIM-3F9C9A69AA,1
1185,SIM-0DB3F6B0FE,1
840,SIM-E039553BA7,1
69,SIM-9AD5392E8B,1
833,SIM-9AD5392E8B,1
1428,SIM-9AD5392E8B,1
396,SIM-9AD5392E8B,1
1348,SIM-859462B7BD,1
29,SIM-859462B7BD,1
1051,SIM-F86FF4009B,1
380,SIM-F86FF4009B,1
293,SIM-FBC9D27B45,1
25,SIM-FBC9D27B45,1
909,SIM-FBC9D27B45,1
1219,SIM-FBC9D27B45,1
85,SIM-C04FE48F6A,1
498,SIM-C04FE48F6A,1
1220,SIM-C04FE48F6A,1
215,SIM-C04FE48F6A,1
1212,SIM-C74C679BDA,1
209,SIM-1C7BCA5926,1
576,SIM-227E5FF1B7,1
946,SIM-227E5FF1B7,1
117,SIM-4D322D88A0,1
1345,SIM-F93B6E5197,1
861,SIM-F93B6E5197,1
892,SIM-F93B6E5197,1
200,SIM-E7BF84C357,1
103,SIM-E7BF84C357,1
1350,SIM-9C0A99E33B,1
1117,SIM-9C0A99E33B,1
1441,SIM-159FCEB0EF,1
153,SIM-159FCEB0EF,1
327,SIM-D89EDD39F2,1
303,SIM-C949434C8D,1
729,SIM-C949434C8D,1
420,SIM-C949434C8D,1
918,SIM-C949434C8D,1
698,SIM-ECBC056560,1
1239,SIM-ECBC056560,1
1301,SIM-ECBC056560,1
1186,SIM-9457729AF0,1
19,SIM-9457729AF0,1
824,SIM-9457729AF0,1
1126,SIM-734248B181,1
318,SIM-5BDB7F0FBE,1
1226,SIM-5BDB7F0FBE,1
105,SIM-C1289602D4,1
190,SIM-B27F8D9B89,1
375,SIM-5C5CAEAA78,1
1180,SIM-5C5CAEAA78,1
759,SIM-0C8CDDECBE,1
1351,SIM-0C8CDDECBE,1
625,SIM-CBB6D46469,1
1155,SIM-2E2B205282,1
1148,SIM-2E2B205282,1
342,SIM-3AC5FEEB4F,1
14,SIM-3AC5FEEB4F,1
737,SIM-572FD05A99,1
942,SIM-572FD05A99,1
6,SIM-58C5D2E4C4,1
787,SIM-0BB6683059,1
1177,SIM-0BB6683059,1
873,SIM-0BB6683059,1
769,SIM-0A628B3445,1
538,SIM-0A628B3445,1
167,SIM-0A628B3445,1
1287,SIM-143BBF6F5D,1
525,SIM-143BBF6F5D,1
1300,SIM-04FFAEE1C9,1
1026,SIM-526A9793D9,1
393,SIM-526A9793D9,1
252,SIM-A97BDB6FF1,1
1420,SIM-A97BDB6FF1,1
334,SIM-A97BDB6FF1,1
710,SIM-A97BDB6FF1,1
357,SIM-765045F40F,1
214,SIM-765045F40F,1
37,SIM-A4B39BF824,1
410,SIM-A4B39BF824,1
814,SIM-0EE3C7A992,1
1353,SIM-0EE3C7A992,1
384,SIM-E3145DAC64,1
470,SIM-E3145DAC64,1
1216,SIM-BF782277AD,1
828,SIM-BF782277AD,1
23,SIM-9EDD28E877,1
829,SIM-9EDD28E877,1
1425,SIM-9EDD28E877,1
492,SIM-9EDD28E877,1
33,SIM-2A39E87075,1
1112,SIM-2A39E87075,1
673,SIM-2A39E87075,1
491,SIM-0C36D0C0A0,1
786,SIM-0C36D0C0A0,1
330,SIM-0E1A616F28,1
404,SIM-33D8D4ACC8,1
150,SIM-33D8D4ACC8,1
678,SIM-33D8D4ACC8,1
260,SIM-753E64824E,1
353,SIM-753E64824E,1
1106,SIM-753E64824E,1
1168,SIM-753E64824E,1
51,SIM-50BC4B8786,1
151,SIM-50BC4B8786,1
1246,SIM-F3CF5D7BFB,1
834,SIM-F3CF5D7BFB,1
1465,SIM-0A4CFD7631,1
1408,SIM-0A4CFD7631,1
559,SIM-8E38C8AE9A,1
596,SIM-8E38C8AE9A,1
226,SIM-9D99B2CA90,1
80,SIM-9D99B2CA90,1
1370,SIM-9D99B2CA90,1
373,SIM-CC8255205C,1
565,SIM-0ED84656B1,1
1125,SIM-0ED84656B1,1
823,SIM-09217B5CD3,1
874,SIM-09217B5CD3,1
428,SIM-7AA0DAEF1F,1
860,SIM-7AA0DAEF1F,1
1077,SIM-7AA0DAEF1F,1
1233,SIM-7FF3D80EA3,1
1379,SIM-7FF3D80EA3,1
992,SIM-0E38BA15BB,1
310,SIM-B82673B8B9,1
1099,SIM-B82673B8B9,1
91,SIM-BE979D1F24,1
667,SIM-BE979D1F24,1
794,SIM-BE979D1F24,1
647,SIM-9E9B2CCEB4,1
654,SIM-9E9B2CCEB4,1
454,SIM-7904752039,1
305,SIM-7904752039,1
1242,SIM-7904752039,1
1006,SIM-7904752039,1
836,SIM-5FFD67FDF9,1
189,SIM-5FFD67FDF9,1
72,SIM-5FFD67FDF9,1
1183,SIM-5FFD67FDF9,1
304,SIM-39C3F64D3F,1
1262,SIM-39C3F64D3F,1
996,SIM-39C3F64D3F,1
1343,SIM-4E54E4516D,1
418,SIM-4E54E4516D,1
1156,SIM-4E54E4516D,1
57,SIM-8A2420B128,1
369,SIM-8A2420B128,1
1196,SIM-8A2420B128,1
599,SIM-83B9FABD4B,1
1426,SIM-83B9FABD4B,1
561,SIM-83B9FABD4B,1
44,SIM-83B9FABD4B,1
346,SIM-0287F38EB0,1
797,SIM-2B56BA0A27,1
1439,SIM-2B56BA0A27,1
835,SIM-1F4AB6541C,1
902,SIM-1F4AB6541C,1
1182,SIM-1F4AB6541C,1
593,SIM-11A8174677,1
451,SIM-11A8174677,1
1215,SIM-11A8174677,1
1211,SIM-11A8174677,1
547,SIM-81DE5C5D1F,1
841,SIM-81DE5C5D1F,1
1312,SIM-38C27178B8,1
60,SIM-38C27178B8,1
283,SIM-38C27178B8,1
1299,SIM-418A4B6B70,1
708,SIM-418A4B6B70,1
1019,SIM-7600D39C5A,1
1344,SIM-7600D39C5A,1
211,SIM-51F5D40D1B,1
616,SIM-51F5D40D1B,1
290,SIM-8226F52F9D,1
1400,SIM-8226F52F9D,1
900,SIM-8226F52F9D,1
891,SIM-D318184EE7,1
1198,SIM-1D9278A04F,1
775,SIM-23F476501F,1
194,SIM-DAA322EE33,1
449,SIM-B800FDDAC5,1
801,SIM-B800FDDAC5,1
319,SIM-B800FDDAC5,1
589,SIM-B800FDDAC5,1
564,SIM-D721339439,1
10,SIM-D721339439,1
1037,SIM-D721339439,1
287,SIM-F797EF7718,1
169,SIM-4CBBAAF846,1
208,SIM-4CBBAAF846,1
1253,SIM-CC398258C4,1
1189,SIM-CC398258C4,1
1087,SIM-CC398258C4,1
1159,SIM-CC398258C4,1
45,SIM-C98975D05D,1
1222,SIM-C98975D05D,1
675,SIM-C98975D05D,1
1355,SIM-C98975D05D,1
696,SIM-29BB3B206A,1
830,SIM-D06F639DBD,1
1313,SIM-D06F639DBD,1
634,SIM-D06F639DBD,1
1201,SIM-6F9B32D2FD,1
1260,SIM-6F9B32D2FD,1
1072,SIM-7DBA0323FA,1
1151,SIM-7DBA0323FA,1
692,SIM-7DBA0323FA,1
518,SIM-7DBA0323FA,1
1048,SIM-E031DDA9D9,1
456,SIM-E031DDA9D9,1
839,SIM-943F345E42,1
730,SIM-943F345E42,1
736,SIM-CAA34DB233,1
611,SIM-BF4FE6FF1C,1
871,SIM-BF4FE6FF1C,1
463,SIM-205F4C0E13,1
1333,SIM-4F2B28CF75,1
147,SIM-4F2B28CF75,1
1294,SIM-4F2B28CF75,1
1097,SIM-4F2B28CF75,1
744,SIM-C7B9736C02,1
713,SIM-C7B9736C02,1
499,SIM-C7B9736C02,1
753,SIM-298382003E,1
845,SIM-298382003E,1
1327,SIM-298382003E,1
608,SIM-298382003E,1
1283,SIM-2274B00843,1
1135,SIM-2274B00843,1
38,SIM-52FF1780ED,1
1149,SIM-52FF1780ED,1
764,SIM-182B92C825,1
1236,SIM-182B92C825,1
933,SIM-182B92C825,1
604,SIM-97ACC51F53,1
166,SIM-97ACC51F53,1
763,SIM-5890257568,1
324,SIM-5890257568,1
780,SIM-CB038687F2,1
500,SIM-DD381A8119,1
1272,SIM-FFA4CFD599,1
99,SIM-FFA4CFD599,1
742,SIM-84043AF67D,1
1029,SIM-84043AF67D,1
469,SIM-84043AF67D,1
188,SIM-2F997FFB54,1
893,SIM-2F997FFB54,1
1209,SIM-2F997FFB54,1
1322,SIM-2CF7737052,1
1153,SIM-2CF7737052,1
413,SIM-2CF7737052,1
811,SIM-27843BD437,1
381,SIM-27843BD437,1
767,SIM-3ADC890246,1
943,SIM-3ADC890246,1
838,SIM-3ADC890246,1
1303,SIM-7BBA7C425D,1
1147,SIM-7BBA7C425D,1
213,SIM-E47A715532,1
273,SIM-E47A715532,1
459,SIM-E47A715532,1
1423,SIM-0D9098567A,1
1187,SIM-0D9098567A,1
977,SIM-698F45A2DF,1
997,SIM-698F45A2DF,1
92,SIM-698F45A2DF,1
1231,SIM-C49C656F99,1
368,SIM-A1B6130940,1
1047,SIM-A1B6130940,1
895,SIM-A1B6130940,1
341,SIM-A1B6130940,1
1450,SIM-FDD2DE6584,1
437,SIM-FDD2DE6584,1
411,SIM-9B518B3E42,1
447,SIM-9B518B3E42,1
666,SIM-4637509E72,1
1154,SIM-4637509E72,1
586,SIM-4637509E72,1
879,SIM-4637509E72,1
41,SIM-6FB73E90A2,1
1141,SIM-6FB73E90A2,1
1000,SIM-77334B23E9,1
853,SIM-77334B23E9,1
1194,SIM-E8A40B9606,1
1016,SIM-E8A40B9606,1
859,SIM-1F2B6E18C3,1
967,SIM-01983515D0,1
1022,SIM-01983515D0,1
1093,SIM-01983515D0,1
785,SIM-01983515D0,1
849,SIM-7AFF6CA312,1
630,SIM-7AFF6CA312,1
1282,SIM-7AFF6CA312,1
1070,SIM-7AFF6CA312,1
332,SIM-EC9C82D715,1
758,SIM-EC9C82D715,1
479,SIM-EC9C82D715,1
1084,SIM-3710A28F85,1
1010,SIM-EFA4CA3BCA,1
309,SIM-EFA4CA3BCA,1
1090,SIM-EFA4CA3BCA,1
1385,SIM-EFA4CA3BCA,1
603,SIM-021AF43EDC,1
805,SIM-021AF43EDC,1
406,SIM-E9F800AED3,1
1433,SIM-E9F800AED3,1
195,SIM-E9F800AED3,1
954,SIM-E9F800AED3,1
56,SIM-07A9D30E51,1
795,SIM-07A9D30E51,1
1279,SIM-07A9D30E51,1
132,SIM-D37353E006,1
280,SIM-D37353E006,1
160,SIM-D37353E006,1
250,SIM-D9EB3598D3,1
739,SIM-33607ED055,1
343,SIM-33607ED055,1
490,SIM-33607ED055,1
578,SIM-260141EE7B,1
20,SIM-260141EE7B,1
414,SIM-260141EE7B,1
670,SIM-260141EE7B,1
1304,SIM-C29ED2EA82,1
197,SIM-C29ED2EA82,1
812,SIM-0F1D150987,1
199,SIM-256163599E,1
300,SIM-256163599E,1
278,SIM-40BA8B3635,1
990,SIM-40BA8B3635,1
1053,SIM-40BA8B3635,1
563,SIM-BB97E6B67C,1
1418,SIM-8B7749FCD7,1
100,SIM-19C6D94ECC,1
765,SIM-6F14AA203B,1
1386,SIM-6F14AA203B,1
1415,SIM-6F14AA203B,1
351,SIM-6F14AA203B,1
774,SIM-1629F25937,1
716,SIM-1629F25937,1
1453,SIM-A6ABBDD4DB,1
374,SIM-A6ABBDD4DB,1
1445,SIM-CAB8137067,1
681,SIM-CAB8137067,1
1412,SIM-DF5817B885,1
1330,SIM-86ECB961AF,1
140,SIM-86ECB961AF,1
1100,SIM-F4F6CCEE5A,1
1237,SIM-67142E8914,1
1227,SIM-67142E8914,1
1144,SIM-67142E8914,1
400,SIM-67142E8914,1
1116,SIM-BA2613C10B,1
760,SIM-BA2613C10B,1
276,SIM-E98C28251D,1
1328,SIM-F77BC99A18,1
1165,SIM-F77BC99A18,1
236,SIM-F77BC99A18,1
298,SIM-F77BC99A18,1
1463,SIM-D5B7B1AE45,1
66,SIM-D5B7B1AE45,1
1298,SIM-B8EB138D74,1
78,SIM-B0A5F32025,1
207,SIM-B0A5F32025,1
133,SIM-B0A5F32025,1
727,SIM-B0A5F32025,1
79,SIM-36829260BB,1
109,SIM-36829260BB,1
1392,SIM-36829260BB,1
1243,SIM-36829260BB,1
601,SIM-A1EF747056,1
950,SIM-A1EF747056,1
1431,SIM-E814559A5F,1
219,SIM-E814559A5F,1
1395,SIM-1995CA725C,1
302,SIM-1995CA725C,1
1063,SIM-FC03D9B9E3,1
272,SIM-FC03D9B9E3,1
1228,SIM-FC03D9B9E3,1
402,SIM-88CE14564D,1
886,SIM-88CE14564D,1
880,SIM-3E2CA95088,1
1043,SIM-3E2CA95088,1
1191,SIM-3E2CA95088,1
734,SIM-3E2CA95088,1
757,SIM-01D3883D80,1
562,SIM-FD94A8E328,1
939,SIM-FD94A8E328,1
1028,SIM-FD94A8E328,1
1387,SIM-950783A362,1
766,SIM-950783A362,1
1380,SIM-6FA657DF3F,1
1422,SIM-6FA657DF3F,1
1205,SIM-6FA657DF3F,1
419,SIM-6FA657DF3F,1
579,SIM-ABDCB6B216,1
405,SIM-FDC0B8A041,1
865,SIM-FDC0B8A041,1
643,SIM-4E41E99655,1
438,SIM-4E41E99655,1
174,SIM-A121F0C3B7,1
4,SIM-A121F0C3B7,1
519,SIM-A121F0C3B7,1
82,SIM-685791C0AB,1
350,SIM-C0C400ECB5,1
168,SIM-990CCABD35,1
703,SIM-1247985D09,1
1013,SIM-1247985D09,1
580,SIM-1247985D09,1
1466,SIM-1247985D09,1
844,SIM-3CE8C71F2C,1
856,SIM-3CE8C71F2C,1
553,SIM-3CE8C71F2C,1
1017,SIM-3CE8C71F2C,1
323,SIM-A13BCDFA1D,1
1130,SIM-3ECC61B029,1
694,SIM-44E70A3429,1
1352,SIM-44E70A3429,1
868,SIM-44E70A3429,1
595,SIM-44E70A3429,1
1366,SIM-79217524C0,1
399,SIM-79217524C0,1
548,SIM-79217524C0,1
1307,SIM-8EB0F2B00C,1
148,SIM-D85088F6C1,1
248,SIM-D85088F6C1,1
904,SIM-662D83F7AA,1
352,SIM-662D83F7AA,1
361,SIM-DEEE83C1FC,1
383,SIM-DEEE83C1FC,1
614,SIM-AA73839818,1
71,SIM-AA73839818,1
295,SIM-2C6AE100A3,1
1469,SIM-A8167CBC55,1
639,SIM-A8167CBC55,1
947,SIM-467E3FE92B,1
1241,SIM-467E3FE92B,1
1071,SIM-D00C7EFE0B,1
495,SIM-D00C7EFE0B,1
152,SIM-D00C7EFE0B,1
1238,SIM-D00C7EFE0B,1
1082,SIM-90CD654520,1
1089,SIM-90CD654520,1
1374,SIM-7311E643B5,1
1076,SIM-7311E643B5,1
821,SIM-7311E643B5,1
1169,SIM-D81D919F63,1
84,SIM-D81D919F63,1
1376,SIM-D81D919F63,1
1461,SIM-EB1064996D,1
316,SIM-0C8803B334,1
315,SIM-8A50277B0E,1
699,SIM-1C7E015174,1
1171,SIM-4DD7E28534,1
847,SIM-4DD7E28534,1
779,SIM-4DD7E28534,1
1319,SIM-43263DCB97,1
638,SIM-C432B632DA,1
700,SIM-C432B632DA,1
1430,SIM-C432B632DA,1
392,SIM-C432B632DA,1
1096,SIM-FA93EBEADE,1
386,SIM-B32030FCBE,1
39,SIM-B32030FCBE,1
493,SIM-DDFB3CFD72,1
937,SIM-DDFB3CFD72,1
1157,SIM-F502D9CB7A,1
8,SIM-F502D9CB7A,1
1369,SIM-F502D9CB7A,1
877,SIM-F502D9CB7A,1
496,SIM-C9879104F9,1
770,SIM-C9879104F9,1
36,SIM-D1805D933E,1
560,SIM-D1805D933E,1
1162,SIM-04EBD0A3DC,1
249,SIM-04EBD0A3DC,1
623,SIM-04EBD0A3DC,1
864,SIM-B76FCC3809,1
3,SIM-B76FCC3809,1
494,SIM-DF882761FC,1
1311,SIM-DF882761FC,1
944,SIM-BD94D550FA,1
707,SIM-BD94D550FA,1
229,SIM-7768D1ACDB,1
1337,SIM-62718074C5,1
1440,SIM-62718074C5,1
1381,SIM-62718074C5,1
993,SIM-C6C4A26445,1
536,SIM-BE4B7C76F5,1
1270,SIM-BE4B7C76F5,1
752,SIM-E3E5FF9513,1
504,SIM-E3E5FF9513,1
792,SIM-934E2BFE2F,1
90,SIM-54C917F406,1
1291,SIM-54C917F406,1
1285,SIM-94924C7C31,1
436,SIM-94924C7C31,1
837,SIM-94924C7C31,1
345,SIM-94924C7C31,1
985,SIM-75E7125CA3,1
429,SIM-75E7125CA3,1
1143,SIM-75E7125CA3,1
1038,SIM-75E7125CA3,1
430,SIM-792BA05704,1
534,SIM-792BA05704,1
740,SIM-792BA05704,1
268,SIM-BB794C94F0,1
1454,SIM-BB794C94F0,1
882,SIM-4E575C98A5,1
27,SIM-4E575C98A5,1
94,SIM-4E575C98A5,1
1218,SIM-FBD0268FAD,1
539,SIM-FBD0268FAD,1
826,SIM-FBD0268FAD,1
825,SIM-FBD0268FAD,1
585,SIM-06164F4A8F,1
581,SIM-06164F4A8F,1
1234,SIM-4F3B81C55F,1
800,SIM-581C0708E7,1
1378,SIM-5640FAB9F3,1
594,SIM-5640FAB9F3,1
1357,SIM-2789AC7952,1
1331,SIM-2789AC7952,1
443,SIM-2789AC7952,1
1273,SIM-12E7CCBF70,1
253,SIM-EFF9F5E284,1
862,SIM-BC421EECA4,1
1200,SIM-C07AE4B75B,1
149,SIM-C07AE4B75B,1
1257,SIM-72B837EFA9,1
1232,SIM-E019D2BD98,1
325,SIM-6B74473AFC,1
1410,SIM-6B74473AFC,1
872,SIM-90FF0CEEF2,1
464,SIM-90FF0CEEF2,1
403,SIM-2E02C63DD6,1
377,SIM-2E02C63DD6,1
457,SIM-4619CF9E8B,1
1049,SIM-14966A562A,1
511,SIM-0E9BDB0F03,1
179,SIM-0E9BDB0F03,1
735,SIM-9D89FF9D87,1
1295,SIM-9D89FF9D87,1
363,SIM-9D89FF9D87,1
476,SIM-9D89FF9D87,1
1018,SIM-39A01F08AD,1
191,SIM-39A01F08AD,1
582,SIM-A60C10CD23,1
916,SIM-D942D784E1,1
1167,SIM-3914662B22,1
1230,SIM-3914662B22,1
382,SIM-1F37A4D85A,1
1122,SIM-1F37A4D85A,1
359,SIM-1F37A4D85A,1
517,SIM-2720D35F22,1
1012,SIM-2720D35F22,1
816,SIM-2720D35F22,1
609,SIM-2720D35F22,1
488,SIM-A614474160,1
336,SIM-2CE4406784,1
554,SIM-2CE4406784,1
1188,SIM-2CE4406784,1
164,SIM-BCB7E48974,1
679,SIM-BCB7E48974,1
1184,SIM-BCB7E48974,1
177,SIM-FDC0DE1ED9,1
1108,SIM-FDC0DE1ED9,1
1224,SIM-FDC0DE1ED9,1
936,SIM-FDC0DE1ED9,1
1046,SIM-166EECC994,1
1023,SIM-166EECC994,1
225,SIM-F4D3C048FF,1
600,SIM-40A018F840,1
26,SIM-40A018F840,1
776,SIM-844988119E,1
269,SIM-844988119E,1
919,SIM-844988119E,1
453,SIM-844988119E,1
1104,SIM-D6ACBC5A22,1
1173,SIM-44A97029FA,1
762,SIM-44A97029FA,1
98,SIM-06BE106546,1
1055,SIM-63205F8708,1
1325,SIM-63205F8708,1
468,SIM-958BAAD693,1
610,SIM-298803ED3C,1
546,SIM-298803ED3C,1
296,SIM-69E9431B83,1
358,SIM-69E9431B83,1
883,SIM-69E9431B83,1
394,SIM-93422B7F41,1
333,SIM-93422B7F41,1
1401,SIM-52838FC470,1
1199,SIM-52838FC470,1
387,SIM-52838FC470,1
971,SIM-9013FE3B1A,1
1030,SIM-9013FE3B1A,1
125,SIM-04F6676151,1
441,SIM-04F6676151,1
237,SIM-04F6676151,1
897,SIM-04F6676151,1
802,SIM-11263AC76B,1
64,SIM-11263AC76B,1
137,SIM-11263AC76B,1
1134,SIM-11263AC76B,1
656,SIM-EC6BE45C49,1
385,SIM-EC6BE45C49,1
912,SIM-284C67F107,1
1373,SIM-284C67F107,1
16,SIM-9BE9DA8053,1
301,SIM-00C565D283,1
339,SIM-00C565D283,1
281,SIM-990DE82AD1,1
718,SIM-43D4D61E95,1
953,SIM-43D4D61E95,1
1354,SIM-FDE71B70D1,1
1123,SIM-877BA92DA9,1
159,SIM-877BA92DA9,1
1217,SIM-877BA92DA9,1
1086,SIM-5C258F63F9,1
948,SIM-5C258F63F9,1
1460,SIM-22E7D7953D,1
682,SIM-22E7D7953D,1
1032,SIM-22E7D7953D,1
743,SIM-22E7D7953D,1
979,SIM-A42D709220,1
1095,SIM-A42D709220,1
1367,SIM-509295A0DC,1
917,SIM-A48A51236A,1
1271,SIM-A48A51236A,1
306,SIM-9E09312311,1
854,SIM-65C6F4F96B,1
778,SIM-4A0E213DEC,1
254,SIM-4A0E213DEC,1
1061,SIM-2165E02FCF,1
261,SIM-2165E02FCF,1
12,SIM-2165E02FCF,1
234,SIM-AB4C3090C8,1
473,SIM-AB4C3090C8,1
1302,SIM-3C7AD4FC8A,1
170,SIM-3C7AD4FC8A,1
998,SIM-3C7AD4FC8A,1
732,SIM-DAF8B4777D,1
1024,SIM-10DB8D1243,1
973,SIM-10DB8D1243,1
1214,SIM-A503BC7396,1
512,SIM-A503BC7396,1
1091,SIM-A31E2D97A6,1
1336,SIM-A31E2D97A6,1
487,SIM-A31E2D97A6,1
255,SIM-A31E2D97A6,1
894,SIM-FCAA33A79A,1
751,SIM-FCAA33A79A,1
206,SIM-B170F7037E,1
63,SIM-DE57130466,1
524,SIM-DE57130466,1
906,SIM-453700EB91,1
288,SIM-2BCB206F9D,1
1335,SIM-4325854535,1
47,SIM-4325854535,1
1229,SIM-4325854535,1
15,SIM-A45B2C2999,1
1025,SIM-A45B2C2999,1
741,SIM-A45B2C2999,1
644,SIM-A45B2C2999,1
991,SIM-8E65F97493,1
371,SIM-E8995438CA,1
1411,SIM-E8995438CA,1
1252,SIM-E8995438CA,1
1133,SIM-329AF4646E,1
48,SIM-329AF4646E,1
1208,SIM-329AF4646E,1
292,SIM-1E20D24A74,1
640,SIM-09223452DA,1
5,SIM-09223452DA,1
1468,SIM-441D196EF5,1
1305,SIM-441D196EF5,1
162,SIM-0D1AC4CD3C,1
535,SIM-0D1AC4CD3C,1
970,SIM-0D1AC4CD3C,1
331,SIM-0D1AC4CD3C,1
626,SIM-B445030610,1
653,SIM-B445030610,1
1365,SIM-B445030610,1
878,SIM-B445030610,1
391,SIM-443E9A509D,1
267,SIM-4BD06A45F8,1
747,SIM-D18855AE80,1
952,SIM-D6938C3369,1
1235,SIM-6C31168A0D,1
326,SIM-6C31168A0D,1
1062,SIM-E08650642F,1
445,SIM-346DEFAA99,1
240,SIM-83AEABA342,1
1073,SIM-83AEABA342,1
1175,SIM-83AEABA342,1
1244,SIM-9CC1EAD184,1
793,SIM-7A251E0EB9,1
1347,SIM-7A251E0EB9,1
1388,SIM-7A251E0EB9,1
313,SIM-7A251E0EB9,1
1416,SIM-D0C1A0C1E7,1
180,SIM-7D452939E0,1
863,SIM-7ADA806AD6,1
1088,SIM-7ADA806AD6,1
89,SIM-7ADA806AD6,1
83,SIM-7ADA806AD6,1
163,SIM-42185B99D8,1
370,SIM-42185B99D8,1
1042,SIM-38169CE618,1
748,SIM-38169CE618,1
220,SIM-2EE9A63786,1
701,SIM-2EE9A63786,1
934,SIM-2EE9A63786,1
70,SIM-C23D268B8C,1
870,SIM-C23D268B8C,1
1435,SIM-C23D268B8C,1
1190,SIM-559029E814,1
501,SIM-559029E814,1
356,SIM-05A548E9E6,1
1358,SIM-05A548E9E6,1
228,SIM-05A548E9E6,1
472,SIM-05A548E9E6,1
1464,SIM-E868A48688,1
412,SIM-E868A48688,1
925,SIM-E868A48688,1
73,SIM-E9DA66723B,1
299,SIM-E9DA66723B,1
448,SIM-E9DA66723B,1
1132,SIM-E9DA66723B,1
1288,SIM-1AD8C8D953,1
636,SIM-1AD8C8D953,1
966,SIM-1AD8C8D953,1
477,SIM-1AD8C8D953,1
102,SIM-EBB981C95C,1
842,SIM-EBB981C95C,1
474,SIM-EBB981C95C,1
1467,SIM-6A7F61552A,1
817,SIM-6A7F61552A,1
475,SIM-5A558EBC4C,1
1427,SIM-5A558EBC4C,1
1254,SIM-5A558EBC4C,1
714,SIM-5A558EBC4C,1
532,SIM-6CC7D7E376,1
1444,SIM-6CC7D7E376,1
791,SIM-CFC26D3798,1
354,SIM-C388ECCFF1,1
773,SIM-C388ECCFF1,1
1140,SIM-CE3A0A9D5F,1
1317,SIM-C215D83097,1
1308,SIM-C215D83097,1
1329,SIM-E9B9FED4AA,1
693,SIM-E9B9FED4AA,1
388,SIM-3BC2A17DA7,1
606,SIM-3BC2A17DA7,1
1458,SIM-3BC2A17DA7,1
1255,SIM-3BC2A17DA7,1
431,SIM-79D2316A9A,1
344,SIM-79D2316A9A,1
322,SIM-E3A1F429C8,1
21,SIM-E3A1F429C8,1
1092,SIM-E782510B1A,1
264,SIM-E782510B1A,1
1083,SIM-E782510B1A,1
1054,SIM-23AB039810,1
227,SIM-58334A791E,1
911,SIM-58334A791E,1
1306,SIM-BF7C0D75D1,1
452,SIM-BF7C0D75D1,1
1181,SIM-BF7C0D75D1,1
921,SIM-B0F35CF9BC,1
810,SIM-2248C814DF,1
1176,SIM-2248C814DF,1
440,SIM-D3E4C95D5E,1
1170,SIM-D3E4C95D5E,1
1413,SIM-414548E4D7,1
181,SIM-414548E4D7,1
896,SIM-BF15DC8411,1
804,SIM-FC1A0ED1C2,1
1432,SIM-370A67D42E,1
1124,SIM-370A67D42E,1
784,SIM-698F333708,1
1065,SIM-698F333708,1
627,SIM-BB89202D39,1
506,SIM-66093DB427,1
945,SIM-66093DB427,1
