case_id,image_path,mask_path,patient_id
Vinmec_CEUS-18,dataset/Vinmec_CEUS/image/18.JPG,dataset/Vinmec_CEUS/label/18.PNG,
Vinmec_CEUS-43,dataset/Vinmec_CEUS/image/43.JPG,dataset/Vinmec_CEUS/label/43.PNG,
Vinmec_CEUS-150,dataset/Vinmec_CEUS/image/150.JPG,dataset/Vinmec_CEUS/label/150.PNG,
Vinmec_CEUS-44,dataset/Vinmec_CEUS/image/44.JPG,dataset/Vinmec_CEUS/label/44.PNG,
Vinmec_CEUS-20,dataset/Vinmec_CEUS/image/20.JPG,dataset/Vinmec_CEUS/label/20.PNG,
Vinmec_CEUS-117,dataset/Vinmec_CEUS/image/117.JPG,dataset/Vinmec_CEUS/label/117.PNG,
Vinmec_CEUS-112,dataset/Vinmec_CEUS/image/112.JPG,dataset/Vinmec_CEUS/label/112.PNG,
Vinmec_CEUS-77,dataset/Vinmec_CEUS/image/77.JPG,dataset/Vinmec_CEUS/label/77.PNG,
Vinmec_CEUS-50,dataset/Vinmec_CEUS/image/50.JPG,dataset/Vinmec_CEUS/label/50.PNG,
Vinmec_CEUS-104,dataset/Vinmec_CEUS/image/104.JPG,dataset/Vinmec_CEUS/label/104.PNG,
Vinmec_CEUS-165,dataset/Vinmec_CEUS/image/165.JPG,dataset/Vinmec_CEUS/label/165.PNG,
Vinmec_CEUS-113,dataset/Vinmec_CEUS/image/113.JPG,dataset/Vinmec_CEUS/label/113.PNG,
Vinmec_CEUS-4,dataset/Vinmec_CEUS/image/4.JPG,dataset/Vinmec_CEUS/label/4.PNG,
Vinmec_CEUS-142,dataset/Vinmec_CEUS/image/142.JPG,dataset/Vinmec_CEUS/label/142.PNG,
Vinmec_CEUS-148,dataset/Vinmec_CEUS/image/148.JPG,dataset/Vinmec_CEUS/label/148.PNG,
Vinmec_CEUS-33,dataset/Vinmec_CEUS/image/33.JPG,dataset/Vinmec_CEUS/label/33.PNG,
Vinmec_CEUS-138,dataset/Vinmec_CEUS/image/138.JPG,dataset/Vinmec_CEUS/label/138.PNG,
Vinmec_CEUS-15,dataset/Vinmec_CEUS/image/15.JPG,dataset/Vinmec_CEUS/label/15.PNG,
Vinmec_CEUS-135,dataset/Vinmec_CEUS/image/135.JPG,dataset/Vinmec_CEUS/label/135.PNG,
Vinmec_CEUS-166,dataset/Vinmec_CEUS/image/166.JPG,dataset/Vinmec_CEUS/label/166.PNG,
Vinmec_CEUS-79,dataset/Vinmec_CEUS/image/79.JPG,dataset/Vinmec_CEUS/label/79.PNG,
Vinmec_CEUS-65,dataset/Vinmec_CEUS/image/65.JPG,dataset/Vinmec_CEUS/label/65.PNG,
Vinmec_CEUS-105,dataset/Vinmec_CEUS/image/105.JPG,dataset/Vinmec_CEUS/label/105.PNG,
Vinmec_CEUS-54,dataset/Vinmec_CEUS/image/54.JPG,dataset/Vinmec_CEUS/label/54.PNG,
Vinmec_CEUS-62,dataset/Vinmec_CEUS/image/62.JPG,dataset/Vinmec_CEUS/label/62.PNG,
Vinmec_CEUS-131,dataset/Vinmec_CEUS/image/131.JPG,dataset/Vinmec_CEUS/label/131.PNG,
Vinmec_CEUS-100,dataset/Vinmec_CEUS/image/100.JPG,dataset/Vinmec_CEUS/label/100.PNG,
Vinmec_CEUS-95,dataset/Vinmec_CEUS/image/95.JPG,dataset/Vinmec_CEUS/label/95.PNG,
Vinmec_CEUS-126,dataset/Vinmec_CEUS/image/126.JPG,dataset/Vinmec_CEUS/label/126.PNG,
Vinmec_CEUS-153,dataset/Vinmec_CEUS/image/153.JPG,dataset/Vinmec_CEUS/label/153.PNG,
Vinmec_CEUS-17,dataset/Vinmec_CEUS/image/17.JPG,dataset/Vinmec_CEUS/label/17.PNG,
Vinmec_CEUS-137,dataset/Vinmec_CEUS/image/137.JPG,dataset/Vinmec_CEUS/label/137.PNG,
Vinmec_CEUS-73,dataset/Vinmec_CEUS/image/73.JPG,dataset/Vinmec_CEUS/label/73.PNG,
Vinmec_CEUS-75,dataset/Vinmec_CEUS/image/75.JPG,dataset/Vinmec_CEUS/label/75.PNG,
Vinmec_CEUS-106,dataset/Vinmec_CEUS/image/106.JPG,dataset/Vinmec_CEUS/label/106.PNG,
Vinmec_CEUS-147,dataset/Vinmec_CEUS/image/147.JPG,dataset/Vinmec_CEUS/label/147.PNG,
Vinmec_CEUS-26,dataset/Vinmec_CEUS/image/26.JPG,dataset/Vinmec_CEUS/label/26.PNG,
Vinmec_CEUS-64,dataset/Vinmec_CEUS/image/64.JPG,dataset/Vinmec_CEUS/label/64.PNG,
Vinmec_CEUS-67,dataset/Vinmec_CEUS/image/67.JPG,dataset/Vinmec_CEUS/label/67.PNG,
Vinmec_CEUS-121,dataset/Vinmec_CEUS/image/121.JPG,dataset/Vinmec_CEUS/label/121.PNG,
Vinmec_CEUS-28,dataset/Vinmec_CEUS/image/28.JPG,dataset/Vinmec_CEUS/label/28.PNG,
Vinmec_CEUS-110,dataset/Vinmec_CEUS/image/110.JPG,dataset/Vinmec_CEUS/label/110.PNG,
Vinmec_CEUS-132,dataset/Vinmec_CEUS/image/132.JPG,dataset/Vinmec_CEUS/label/132.PNG,
Vinmec_CEUS-52,dataset/Vinmec_CEUS/image/52.JPG,dataset/Vinmec_CEUS/label/52.PNG,
Vinmec_CEUS-143,dataset/Vinmec_CEUS/image/143.JPG,dataset/Vinmec_CEUS/label/143.PNG,
Vinmec_CEUS-5,dataset/Vinmec_CEUS/image/5.JPG,dataset/Vinmec_CEUS/label/5.PNG,
Vinmec_CEUS-103,dataset/Vinmec_CEUS/image/103.JPG,dataset/Vinmec_CEUS/label/103.PNG,
Vinmec_CEUS-157,dataset/Vinmec_CEUS/image/157.JPG,dataset/Vinmec_CEUS/label/157.PNG,
Vinmec_CEUS-42,dataset/Vinmec_CEUS/image/42.JPG,dataset/Vinmec_CEUS/label/42.PNG,
Vinmec_CEUS-169,dataset/Vinmec_CEUS/image/169.JPG,dataset/Vinmec_CEUS/label/169.PNG,
Vinmec_CEUS-149,dataset/Vinmec_CEUS/image/149.JPG,dataset/Vinmec_CEUS/label/149.PNG,
Vinmec_CEUS-146,dataset/Vinmec_CEUS/image/146.JPG,dataset/Vinmec_CEUS/label/146.PNG,
Vinmec_CEUS-101,dataset/Vinmec_CEUS/image/101.JPG,dataset/Vinmec_CEUS/label/101.PNG,
Vinmec_CEUS-154,dataset/Vinmec_CEUS/image/154.JPG,dataset/Vinmec_CEUS/label/154.PNG,
Vinmec_CEUS-96,dataset/Vinmec_CEUS/image/96.JPG,dataset/Vinmec_CEUS/label/96.PNG,
Vinmec_CEUS-32,dataset/Vinmec_CEUS/image/32.JPG,dataset/Vinmec_CEUS/label/32.PNG,
Vinmec_CEUS-127,dataset/Vinmec_CEUS/image/127.JPG,dataset/Vinmec_CEUS/label/127.PNG,
Vinmec_CEUS-22,dataset/Vinmec_CEUS/image/22.JPG,dataset/Vinmec_CEUS/label/22.PNG,
Vinmec_CEUS-134,dataset/Vinmec_CEUS/image/134.JPG,dataset/Vinmec_CEUS/label/134.PNG,
Vinmec_CEUS-78,dataset/Vinmec_CEUS/image/78.JPG,dataset/Vinmec_CEUS/label/78.PNG,
Vinmec_CEUS-10,dataset/Vinmec_CEUS/image/10.JPG,dataset/Vinmec_CEUS/label/10.PNG,
Vinmec_CEUS-83,dataset/Vinmec_CEUS/image/83.JPG,dataset/Vinmec_CEUS/label/83.PNG,
Vinmec_CEUS-141,dataset/Vinmec_CEUS/image/141.JPG,dataset/Vinmec_CEUS/label/141.PNG,
Vinmec_CEUS-90,dataset/Vinmec_CEUS/image/90.JPG,dataset/Vinmec_CEUS/label/90.PNG,
Vinmec_CEUS-35,dataset/Vinmec_CEUS/image/35.JPG,dataset/Vinmec_CEUS/label/35.PNG,
Vinmec_CEUS-86,dataset/Vinmec_CEUS/image/86.JPG,dataset/Vinmec_CEUS/label/86.PNG,
Vinmec_CEUS-136,dataset/Vinmec_CEUS/image/136.JPG,dataset/Vinmec_CEUS/label/136.PNG,
Vinmec_CEUS-46,dataset/Vinmec_CEUS/image/46.JPG,dataset/Vinmec_CEUS/label/46.PNG,
Vinmec_CEUS-48,dataset/Vinmec_CEUS/image/48.JPG,dataset/Vinmec_CEUS/label/48.PNG,
Vinmec_CEUS-21,dataset/Vinmec_CEUS/image/21.JPG,dataset/Vinmec_CEUS/label/21.PNG,
Vinmec_CEUS-116,dataset/Vinmec_CEUS/image/116.JPG,dataset/Vinmec_CEUS/label/116.PNG,
Vinmec_CEUS-82,dataset/Vinmec_CEUS/image/82.JPG,dataset/Vinmec_CEUS/label/82.PNG,
Vinmec_CEUS-59,dataset/Vinmec_CEUS/image/59.JPG,dataset/Vinmec_CEUS/label/59.PNG,
Vinmec_CEUS-170,dataset/Vinmec_CEUS/image/170.JPG,dataset/Vinmec_CEUS/label/170.PNG,
Vinmec_CEUS-123,dataset/Vinmec_CEUS/image/123.JPG,dataset/Vinmec_CEUS/label/123.PNG,
Vinmec_CEUS-13,dataset/Vinmec_CEUS/image/13.JPG,dataset/Vinmec_CEUS/label/13.PNG,
Vinmec_CEUS-124,dataset/Vinmec_CEUS/image/124.JPG,dataset/Vinmec_CEUS/label/124.PNG,
Vinmec_CEUS-122,dataset/Vinmec_CEUS/image/122.JPG,dataset/Vinmec_CEUS/label/122.PNG,
Vinmec_CEUS-120,dataset/Vinmec_CEUS/image/120.JPG,dataset/Vinmec_CEUS/label/120.PNG,
Vinmec_CEUS-99,dataset/Vinmec_CEUS/image/99.JPG,dataset/Vinmec_CEUS/label/99.PNG,
Vinmec_CEUS-30,dataset/Vinmec_CEUS/image/30.JPG,dataset/Vinmec_CEUS/label/30.PNG,
Vinmec_CEUS-85,dataset/Vinmec_CEUS/image/85.JPG,dataset/Vinmec_CEUS/label/85.PNG,
Vinmec_CEUS-6,dataset/Vinmec_CEUS/image/6.JPG,dataset/Vinmec_CEUS/label/6.PNG,
Vinmec_CEUS-158,dataset/Vinmec_CEUS/image/158.JPG,dataset/Vinmec_CEUS/label/158.PNG,
Vinmec_CEUS-91,dataset/Vinmec_CEUS/image/91.JPG,dataset/Vinmec_CEUS/label/91.PNG,
Vinmec_CEUS-133,dataset/Vinmec_CEUS/image/133.JPG,dataset/Vinmec_CEUS/label/133.PNG,
Vinmec_CEUS-74,dataset/Vinmec_CEUS/image/74.JPG,dataset/Vinmec_CEUS/label/74.PNG,
Vinmec_CEUS-47,dataset/Vinmec_CEUS/image/47.JPG,dataset/Vinmec_CEUS/label/47.PNG,
Vinmec_CEUS-111,dataset/Vinmec_CEUS/image/111.JPG,dataset/Vinmec_CEUS/label/111.PNG,
Vinmec_CEUS-114,dataset/Vinmec_CEUS/image/114.JPG,dataset/Vinmec_CEUS/label/114.PNG,
Vinmec_CEUS-80,dataset/Vinmec_CEUS/image/80.JPG,dataset/Vinmec_CEUS/label/80.PNG,
Vinmec_CEUS-81,dataset/Vinmec_CEUS/image/81.JPG,dataset/Vinmec_CEUS/label/81.PNG,
Vinmec_CEUS-107,dataset/Vinmec_CEUS/image/107.JPG,dataset/Vinmec_CEUS/label/107.PNG,
Vinmec_CEUS-38,dataset/Vinmec_CEUS/image/38.JPG,dataset/Vinmec_CEUS/label/38.PNG,
Vinmec_CEUS-167,dataset/Vinmec_CEUS/image/167.JPG,dataset/Vinmec_CEUS/label/167.PNG,
Vinmec_CEUS-11,dataset/Vinmec_CEUS/image/11.JPG,dataset/Vinmec_CEUS/label/11.PNG,
Vinmec_CEUS-49,dataset/Vinmec_CEUS/image/49.JPG,dataset/Vinmec_CEUS/label/49.PNG,
Vinmec_CEUS-119,dataset/Vinmec_CEUS/image/119.JPG,dataset/Vinmec_CEUS/label/119.PNG,
Vinmec_CEUS-125,dataset/Vinmec_CEUS/image/125.JPG,dataset/Vinmec_CEUS/label/125.PNG,
Vinmec_CEUS-16,dataset/Vinmec_CEUS/image/16.JPG,dataset/Vinmec_CEUS/label/16.PNG,
Vinmec_CEUS-69,dataset/Vinmec_CEUS/image/69.JPG,dataset/Vinmec_CEUS/label/69.PNG,
Vinmec_CEUS-118,dataset/Vinmec_CEUS/image/118.JPG,dataset/Vinmec_CEUS/label/118.PNG,
Vinmec_CEUS-12,dataset/Vinmec_CEUS/image/12.JPG,dataset/Vinmec_CEUS/label/12.PNG,
Vinmec_CEUS-68,dataset/Vinmec_CEUS/image/68.JPG,dataset/Vinmec_CEUS/label/68.PNG,
Vinmec_CEUS-89,dataset/Vinmec_CEUS/image/89.JPG,dataset/Vinmec_CEUS/label/89.PNG,
Vinmec_CEUS-92,dataset/Vinmec_CEUS/image/92.JPG,dataset/Vinmec_CEUS/label/92.PNG,
Vinmec_CEUS-25,dataset/Vinmec_CEUS/image/25.JPG,dataset/Vinmec_CEUS/label/25.PNG,
Vinmec_CEUS-98,dataset/Vinmec_CEUS/image/98.JPG,dataset/Vinmec_CEUS/label/98.PNG,
Vinmec_CEUS-156,dataset/Vinmec_CEUS/image/156.JPG,dataset/Vinmec_CEUS/label/156.PNG,
Vinmec_CEUS-163,dataset/Vinmec_CEUS/image/163.JPG,dataset/Vinmec_CEUS/label/163.PNG,
Vinmec_CEUS-87,dataset/Vinmec_CEUS/image/87.JPG,dataset/Vinmec_CEUS/label/87.PNG,
Vinmec_CEUS-155,dataset/Vinmec_CEUS/image/155.JPG,dataset/Vinmec_CEUS/label/155.PNG,
Vinmec_CEUS-40,dataset/Vinmec_CEUS/image/40.JPG,dataset/Vinmec_CEUS/label/40.PNG,
Vinmec_CEUS-145,dataset/Vinmec_CEUS/image/145.JPG,dataset/Vinmec_CEUS/label/145.PNG,
Vinmec_CEUS-88,dataset/Vinmec_CEUS/image/88.JPG,dataset/Vinmec_CEUS/label/88.PNG,
Vinmec_CEUS-159,dataset/Vinmec_CEUS/image/159.JPG,dataset/Vinmec_CEUS/label/159.PNG,
Vinmec_CEUS-41,dataset/Vinmec_CEUS/image/41.JPG,dataset/Vinmec_CEUS/label/41.PNG,
Vinmec_CEUS-2,dataset/Vinmec_CEUS/image/2.JPG,dataset/Vinmec_CEUS/label/2.PNG,
Vinmec_CEUS-72,dataset/Vinmec_CEUS/image/72.JPG,dataset/Vinmec_CEUS/label/72.PNG,
Vinmec_CEUS-115,dataset/Vinmec_CEUS/image/115.JPG,dataset/Vinmec_CEUS/label/115.PNG,
Vinmec_CEUS-57,dataset/Vinmec_CEUS/image/57.JPG,dataset/Vinmec_CEUS/label/57.PNG,
Vinmec_CEUS-108,dataset/Vinmec_CEUS/image/108.JPG,dataset/Vinmec_CEUS/label/108.PNG,
Vinmec_CEUS-162,dataset/Vinmec_CEUS/image/162.JPG,dataset/Vinmec_CEUS/label/162.PNG,
Vinmec_CEUS-51,dataset/Vinmec_CEUS/image/51.JPG,dataset/Vinmec_CEUS/label/51.PNG,
Vinmec_CEUS-144,dataset/Vinmec_CEUS/image/144.JPG,dataset/Vinmec_CEUS/label/144.PNG,
Vinmec_CEUS-168,dataset/Vinmec_CEUS/image/168.JPG,dataset/Vinmec_CEUS/label/168.PNG,
Vinmec_CEUS-130,dataset/Vinmec_CEUS/image/130.JPG,dataset/Vinmec_CEUS/label/130.PNG,
Vinmec_CEUS-60,dataset/Vinmec_CEUS/image/60.JPG,dataset/Vinmec_CEUS/label/60.PNG,
Vinmec_CEUS-56,dataset/Vinmec_CEUS/image/56.JPG,dataset/Vinmec_CEUS/label/56.PNG,
Vinmec_CEUS-24,dataset/Vinmec_CEUS/image/24.JPG,dataset/Vinmec_CEUS/label/24.PNG,
Vinmec_CEUS-8,dataset/Vinmec_CEUS/image/8.JPG,dataset/Vinmec_CEUS/label/8.PNG,
Vinmec_CEUS-9,dataset/Vinmec_CEUS/image/9.JPG,dataset/Vinmec_CEUS/label/9.PNG,
Vinmec_CEUS-109,dataset/Vinmec_CEUS/image/109.JPG,dataset/Vinmec_CEUS/label/109.PNG,
Vinmec_CEUS-152,dataset/Vinmec_CEUS/image/152.JPG,dataset/Vinmec_CEUS/label/152.PNG,
Vinmec_CEUS-23,dataset/Vinmec_CEUS/image/23.JPG,dataset/Vinmec_CEUS/label/23.PNG,
Vinmec_CEUS-140,dataset/Vinmec_CEUS/image/140.JPG,dataset/Vinmec_CEUS/label/140.PNG,
Vinmec_CEUS-27,dataset/Vinmec_CEUS/image/27.JPG,dataset/Vinmec_CEUS/label/27.PNG,
Vinmec_CEUS-36,dataset/Vinmec_CEUS/image/36.JPG,dataset/Vinmec_CEUS/label/36.PNG,
Vinmec_CEUS-58,dataset/Vinmec_CEUS/image/58.JPG,dataset/Vinmec_CEUS/label/58.PNG,
Vinmec_CEUS-63,dataset/Vinmec_CEUS/image/63.JPG,dataset/Vinmec_CEUS/label/63.PNG,
Vinmec_CEUS-71,dataset/Vinmec_CEUS/image/71.JPG,dataset/Vinmec_CEUS/label/71.PNG,
Vinmec_CEUS-7,dataset/Vinmec_CEUS/image/7.JPG,dataset/Vinmec_CEUS/label/7.PNG,
Vinmec_CEUS-29,dataset/Vinmec_CEUS/image/29.JPG,dataset/Vinmec_CEUS/label/29.PNG,
Vinmec_CEUS-164,dataset/Vinmec_CEUS/image/164.JPG,dataset/Vinmec_CEUS/label/164.PNG,
