sample_1_id,sample_2_id,image_1_path,image_2_path,mask_1_path,mask_2_path,phash_distance,dhash_distance,size_1,size_2,status,notes
2d_1268,2d_1269,dataset/Vinmec/Vinmec_2d/images/1268.JPG,dataset/Vinmec/Vinmec_2d/images/1269.JPG,dataset/Vinmec/Vinmec_2d/annotations/1268_binary.PNG,dataset/Vinmec/Vinmec_2d/annotations/1269_binary.PNG,2,6,568x587,568x590,POSSIBLE_DUPLICATE,Near-duplicate perceptual hash (cine-loop / adjacent frame of same examination); kept in clean dataset pending manual review
2d_277,2d_278,dataset/Vinmec/Vinmec_2d/images/277.JPG,dataset/Vinmec/Vinmec_2d/images/278.JPG,dataset/Vinmec/Vinmec_2d/annotations/277_binary.PNG,dataset/Vinmec/Vinmec_2d/annotations/278_binary.PNG,2,3,959x534,959x532,POSSIBLE_DUPLICATE,Near-duplicate perceptual hash (cine-loop / adjacent frame of same examination); kept in clean dataset pending manual review
2d_239,2d_241,dataset/Vinmec/Vinmec_2d/images/239.JPG,dataset/Vinmec/Vinmec_2d/images/241.JPG,dataset/Vinmec/Vinmec_2d/annotations/239_binary.PNG,dataset/Vinmec/Vinmec_2d/annotations/241_binary.PNG,2,4,480x533,481x532,POSSIBLE_DUPLICATE,Near-duplicate perceptual hash (cine-loop / adjacent frame of same examination); kept in clean dataset pending manual review
2d_1395,2d_1396,dataset/Vinmec/Vinmec_2d/images/1395.JPG,dataset/Vinmec/Vinmec_2d/images/1396.JPG,dataset/Vinmec/Vinmec_2d/annotations/1395_binary.PNG,dataset/Vinmec/Vinmec_2d/annotations/1396_binary.PNG,2,8,568x596,568x595,POSSIBLE_DUPLICATE,Near-duplicate perceptual hash (cine-loop / adjacent frame of same examination); kept in clean dataset pending manual review
3d_167,3d_107,dataset/Vinmec/Vinmec_3d/images/167.JPG,dataset/Vinmec/Vinmec_3d/images/107.JPG,dataset/Vinmec/Vinmec_3d/annotations/167_binary.PNG,dataset/Vinmec/Vinmec_3d/annotations/107_binary.PNG,2,10,555x547,551x551,POSSIBLE_DUPLICATE,Near-duplicate perceptual hash (cine-loop / adjacent frame of same examination); kept in clean dataset pending manual review
2d_88,2d_85,dataset/Vinmec/Vinmec_2d/images/88.JPG,dataset/Vinmec/Vinmec_2d/images/85.JPG,dataset/Vinmec/Vinmec_2d/annotations/88_binary.PNG,dataset/Vinmec/Vinmec_2d/annotations/85_binary.PNG,0,2,958x535,957x533,POSSIBLE_DUPLICATE,Near-duplicate perceptual hash (cine-loop / adjacent frame of same examination); kept in clean dataset pending manual review
2d_38,2d_39,dataset/Vinmec/Vinmec_2d/images/38.JPG,dataset/Vinmec/Vinmec_2d/images/39.JPG,dataset/Vinmec/Vinmec_2d/annotations/38_binary.PNG,dataset/Vinmec/Vinmec_2d/annotations/39_binary.PNG,2,13,481x535,478x534,POSSIBLE_DUPLICATE,Near-duplicate perceptual hash (cine-loop / adjacent frame of same examination); kept in clean dataset pending manual review
2d_38,2d_40,dataset/Vinmec/Vinmec_2d/images/38.JPG,dataset/Vinmec/Vinmec_2d/images/40.JPG,dataset/Vinmec/Vinmec_2d/annotations/38_binary.PNG,dataset/Vinmec/Vinmec_2d/annotations/40_binary.PNG,2,15,481x535,478x533,POSSIBLE_DUPLICATE,Near-duplicate perceptual hash (cine-loop / adjacent frame of same examination); kept in clean dataset pending manual review
2d_194,2d_192,dataset/Vinmec/Vinmec_2d/images/194.JPG,dataset/Vinmec/Vinmec_2d/images/192.JPG,dataset/Vinmec/Vinmec_2d/annotations/194_binary.PNG,dataset/Vinmec/Vinmec_2d/annotations/192_binary.PNG,0,6,479x531,480x532,POSSIBLE_DUPLICATE,Near-duplicate perceptual hash (cine-loop / adjacent frame of same examination); kept in clean dataset pending manual review
2d_194,2d_195,dataset/Vinmec/Vinmec_2d/images/194.JPG,dataset/Vinmec/Vinmec_2d/images/195.JPG,dataset/Vinmec/Vinmec_2d/annotations/194_binary.PNG,dataset/Vinmec/Vinmec_2d/annotations/195_binary.PNG,2,3,479x531,480x532,POSSIBLE_DUPLICATE,Near-duplicate perceptual hash (cine-loop / adjacent frame of same examination); kept in clean dataset pending manual review
2d_890,2d_892,dataset/Vinmec/Vinmec_2d/images/890.JPG,dataset/Vinmec/Vinmec_2d/images/892.JPG,dataset/Vinmec/Vinmec_2d/annotations/890_binary.PNG,dataset/Vinmec/Vinmec_2d/annotations/892_binary.PNG,2,4,957x523,959x528,POSSIBLE_DUPLICATE,Near-duplicate perceptual hash (cine-loop / adjacent frame of same examination); kept in clean dataset pending manual review
3d_67,3d_70,dataset/Vinmec/Vinmec_3d/images/67.JPG,dataset/Vinmec/Vinmec_3d/images/70.JPG,dataset/Vinmec/Vinmec_3d/annotations/67_binary.PNG,dataset/Vinmec/Vinmec_3d/annotations/70_binary.PNG,2,16,557x550,549x553,POSSIBLE_DUPLICATE,Near-duplicate perceptual hash (cine-loop / adjacent frame of same examination); kept in clean dataset pending manual review
3d_105,3d_165,dataset/Vinmec/Vinmec_3d/images/105.JPG,dataset/Vinmec/Vinmec_3d/images/165.JPG,dataset/Vinmec/Vinmec_3d/annotations/105_binary.PNG,dataset/Vinmec/Vinmec_3d/annotations/165_binary.PNG,0,7,556x552,553x550,POSSIBLE_DUPLICATE,Near-duplicate perceptual hash (cine-loop / adjacent frame of same examination); kept in clean dataset pending manual review
2d_84,2d_82,dataset/Vinmec/Vinmec_2d/images/84.JPG,dataset/Vinmec/Vinmec_2d/images/82.JPG,dataset/Vinmec/Vinmec_2d/annotations/84_binary.PNG,dataset/Vinmec/Vinmec_2d/annotations/82_binary.PNG,2,2,958x529,958x532,POSSIBLE_DUPLICATE,Near-duplicate perceptual hash (cine-loop / adjacent frame of same examination); kept in clean dataset pending manual review
2d_252,2d_253,dataset/Vinmec/Vinmec_2d/images/252.JPG,dataset/Vinmec/Vinmec_2d/images/253.JPG,dataset/Vinmec/Vinmec_2d/annotations/252_binary.PNG,dataset/Vinmec/Vinmec_2d/annotations/253_binary.PNG,4,1,959x532,959x532,POSSIBLE_DUPLICATE,Near-duplicate perceptual hash (cine-loop / adjacent frame of same examination); kept in clean dataset pending manual review
2d_1430,2d_1431,dataset/Vinmec/Vinmec_2d/images/1430.JPG,dataset/Vinmec/Vinmec_2d/images/1431.JPG,dataset/Vinmec/Vinmec_2d/annotations/1430_binary.PNG,dataset/Vinmec/Vinmec_2d/annotations/1431_binary.PNG,2,4,1115x568,1106x566,POSSIBLE_DUPLICATE,Near-duplicate perceptual hash (cine-loop / adjacent frame of same examination); kept in clean dataset pending manual review
2d_409,2d_408,dataset/Vinmec/Vinmec_2d/images/409.JPG,dataset/Vinmec/Vinmec_2d/images/408.JPG,dataset/Vinmec/Vinmec_2d/annotations/409_binary.PNG,dataset/Vinmec/Vinmec_2d/annotations/408_binary.PNG,2,4,958x532,957x532,POSSIBLE_DUPLICATE,Near-duplicate perceptual hash (cine-loop / adjacent frame of same examination); kept in clean dataset pending manual review
2d_1198,2d_1202,dataset/Vinmec/Vinmec_2d/images/1198.JPG,dataset/Vinmec/Vinmec_2d/images/1202.JPG,dataset/Vinmec/Vinmec_2d/annotations/1198_binary.PNG,dataset/Vinmec/Vinmec_2d/annotations/1202_binary.PNG,2,2,957x531,958x534,POSSIBLE_DUPLICATE,Near-duplicate perceptual hash (cine-loop / adjacent frame of same examination); kept in clean dataset pending manual review
2d_1248,2d_1245,dataset/Vinmec/Vinmec_2d/images/1248.JPG,dataset/Vinmec/Vinmec_2d/images/1245.JPG,dataset/Vinmec/Vinmec_2d/annotations/1248_binary.PNG,dataset/Vinmec/Vinmec_2d/annotations/1245_binary.PNG,0,3,959x535,959x535,POSSIBLE_DUPLICATE,Near-duplicate perceptual hash (cine-loop / adjacent frame of same examination); kept in clean dataset pending manual review
2d_381,2d_380,dataset/Vinmec/Vinmec_2d/images/381.JPG,dataset/Vinmec/Vinmec_2d/images/380.JPG,dataset/Vinmec/Vinmec_2d/annotations/381_binary.PNG,dataset/Vinmec/Vinmec_2d/annotations/380_binary.PNG,2,6,481x533,477x535,POSSIBLE_DUPLICATE,Near-duplicate perceptual hash (cine-loop / adjacent frame of same examination); kept in clean dataset pending manual review
2d_1291,2d_1292,dataset/Vinmec/Vinmec_2d/images/1291.JPG,dataset/Vinmec/Vinmec_2d/images/1292.JPG,dataset/Vinmec/Vinmec_2d/annotations/1291_binary.PNG,dataset/Vinmec/Vinmec_2d/annotations/1292_binary.PNG,0,9,956x533,958x534,POSSIBLE_DUPLICATE,Near-duplicate perceptual hash (cine-loop / adjacent frame of same examination); kept in clean dataset pending manual review
2d_1291,2d_1290,dataset/Vinmec/Vinmec_2d/images/1291.JPG,dataset/Vinmec/Vinmec_2d/images/1290.JPG,dataset/Vinmec/Vinmec_2d/annotations/1291_binary.PNG,dataset/Vinmec/Vinmec_2d/annotations/1290_binary.PNG,0,7,956x533,958x532,POSSIBLE_DUPLICATE,Near-duplicate perceptual hash (cine-loop / adjacent frame of same examination); kept in clean dataset pending manual review
2d_250,2d_249,dataset/Vinmec/Vinmec_2d/images/250.JPG,dataset/Vinmec/Vinmec_2d/images/249.JPG,dataset/Vinmec/Vinmec_2d/annotations/250_binary.PNG,dataset/Vinmec/Vinmec_2d/annotations/249_binary.PNG,2,8,485x530,482x531,POSSIBLE_DUPLICATE,Near-duplicate perceptual hash (cine-loop / adjacent frame of same examination); kept in clean dataset pending manual review
2d_948,2d_950,dataset/Vinmec/Vinmec_2d/images/948.JPG,dataset/Vinmec/Vinmec_2d/images/950.JPG,dataset/Vinmec/Vinmec_2d/annotations/948_binary.PNG,dataset/Vinmec/Vinmec_2d/annotations/950_binary.PNG,2,8,568x587,568x590,POSSIBLE_DUPLICATE,Near-duplicate perceptual hash (cine-loop / adjacent frame of same examination); kept in clean dataset pending manual review
2d_368,2d_366,dataset/Vinmec/Vinmec_2d/images/368.JPG,dataset/Vinmec/Vinmec_2d/images/366.JPG,dataset/Vinmec/Vinmec_2d/annotations/368_binary.PNG,dataset/Vinmec/Vinmec_2d/annotations/366_binary.PNG,2,2,958x534,959x535,POSSIBLE_DUPLICATE,Near-duplicate perceptual hash (cine-loop / adjacent frame of same examination); kept in clean dataset pending manual review
2d_146,2d_144,dataset/Vinmec/Vinmec_2d/images/146.JPG,dataset/Vinmec/Vinmec_2d/images/144.JPG,dataset/Vinmec/Vinmec_2d/annotations/146_binary.PNG,dataset/Vinmec/Vinmec_2d/annotations/144_binary.PNG,2,3,480x532,481x533,POSSIBLE_DUPLICATE,Near-duplicate perceptual hash (cine-loop / adjacent frame of same examination); kept in clean dataset pending manual review
2d_935,2d_937,dataset/Vinmec/Vinmec_2d/images/935.JPG,dataset/Vinmec/Vinmec_2d/images/937.JPG,dataset/Vinmec/Vinmec_2d/annotations/935_binary.PNG,dataset/Vinmec/Vinmec_2d/annotations/937_binary.PNG,2,9,569x584,565x578,POSSIBLE_DUPLICATE,Near-duplicate perceptual hash (cine-loop / adjacent frame of same examination); kept in clean dataset pending manual review
2d_182,2d_183,dataset/Vinmec/Vinmec_2d/images/182.JPG,dataset/Vinmec/Vinmec_2d/images/183.JPG,dataset/Vinmec/Vinmec_2d/annotations/182_binary.PNG,dataset/Vinmec/Vinmec_2d/annotations/183_binary.PNG,2,5,958x535,958x532,POSSIBLE_DUPLICATE,Near-duplicate perceptual hash (cine-loop / adjacent frame of same examination); kept in clean dataset pending manual review
2d_1128,2d_1129,dataset/Vinmec/Vinmec_2d/images/1128.JPG,dataset/Vinmec/Vinmec_2d/images/1129.JPG,dataset/Vinmec/Vinmec_2d/annotations/1128_binary.PNG,dataset/Vinmec/Vinmec_2d/annotations/1129_binary.PNG,2,3,569x595,570x590,POSSIBLE_DUPLICATE,Near-duplicate perceptual hash (cine-loop / adjacent frame of same examination); kept in clean dataset pending manual review
2d_395,2d_396,dataset/Vinmec/Vinmec_2d/images/395.JPG,dataset/Vinmec/Vinmec_2d/images/396.JPG,dataset/Vinmec/Vinmec_2d/annotations/395_binary.PNG,dataset/Vinmec/Vinmec_2d/annotations/396_binary.PNG,2,11,959x531,959x532,POSSIBLE_DUPLICATE,Near-duplicate perceptual hash (cine-loop / adjacent frame of same examination); kept in clean dataset pending manual review
2d_1249,2d_1250,dataset/Vinmec/Vinmec_2d/images/1249.JPG,dataset/Vinmec/Vinmec_2d/images/1250.JPG,dataset/Vinmec/Vinmec_2d/annotations/1249_binary.PNG,dataset/Vinmec/Vinmec_2d/annotations/1250_binary.PNG,0,6,569x544,569x544,POSSIBLE_DUPLICATE,Near-duplicate perceptual hash (cine-loop / adjacent frame of same examination); kept in clean dataset pending manual review
2d_1433,2d_1432,dataset/Vinmec/Vinmec_2d/images/1433.JPG,dataset/Vinmec/Vinmec_2d/images/1432.JPG,dataset/Vinmec/Vinmec_2d/annotations/1433_binary.PNG,dataset/Vinmec/Vinmec_2d/annotations/1432_binary.PNG,2,8,479x534,481x532,POSSIBLE_DUPLICATE,Near-duplicate perceptual hash (cine-loop / adjacent frame of same examination); kept in clean dataset pending manual review
2d_1292,2d_1290,dataset/Vinmec/Vinmec_2d/images/1292.JPG,dataset/Vinmec/Vinmec_2d/images/1290.JPG,dataset/Vinmec/Vinmec_2d/annotations/1292_binary.PNG,dataset/Vinmec/Vinmec_2d/annotations/1290_binary.PNG,0,4,958x534,958x532,POSSIBLE_DUPLICATE,Near-duplicate perceptual hash (cine-loop / adjacent frame of same examination); kept in clean dataset pending manual review
3d_51,3d_53,dataset/Vinmec/Vinmec_3d/images/51.JPG,dataset/Vinmec/Vinmec_3d/images/53.JPG,dataset/Vinmec/Vinmec_3d/annotations/51_binary.PNG,dataset/Vinmec/Vinmec_3d/annotations/53_binary.PNG,2,15,885x557,882x553,POSSIBLE_DUPLICATE,Near-duplicate perceptual hash (cine-loop / adjacent frame of same examination); kept in clean dataset pending manual review
2d_39,2d_40,dataset/Vinmec/Vinmec_2d/images/39.JPG,dataset/Vinmec/Vinmec_2d/images/40.JPG,dataset/Vinmec/Vinmec_2d/annotations/39_binary.PNG,dataset/Vinmec/Vinmec_2d/annotations/40_binary.PNG,0,8,478x534,478x533,POSSIBLE_DUPLICATE,Near-duplicate perceptual hash (cine-loop / adjacent frame of same examination); kept in clean dataset pending manual review
3d_160,3d_159,dataset/Vinmec/Vinmec_3d/images/160.JPG,dataset/Vinmec/Vinmec_3d/images/159.JPG,dataset/Vinmec/Vinmec_3d/annotations/160_binary.PNG,dataset/Vinmec/Vinmec_3d/annotations/159_binary.PNG,2,15,583x583,578x579,POSSIBLE_DUPLICATE,Near-duplicate perceptual hash (cine-loop / adjacent frame of same examination); kept in clean dataset pending manual review
2d_366,2d_367,dataset/Vinmec/Vinmec_2d/images/366.JPG,dataset/Vinmec/Vinmec_2d/images/367.JPG,dataset/Vinmec/Vinmec_2d/annotations/366_binary.PNG,dataset/Vinmec/Vinmec_2d/annotations/367_binary.PNG,2,6,959x535,958x534,POSSIBLE_DUPLICATE,Near-duplicate perceptual hash (cine-loop / adjacent frame of same examination); kept in clean dataset pending manual review
2d_723,2d_722,dataset/Vinmec/Vinmec_2d/images/723.JPG,dataset/Vinmec/Vinmec_2d/images/722.JPG,dataset/Vinmec/Vinmec_2d/annotations/723_binary.PNG,dataset/Vinmec/Vinmec_2d/annotations/722_binary.PNG,2,9,479x554,480x556,POSSIBLE_DUPLICATE,Near-duplicate perceptual hash (cine-loop / adjacent frame of same examination); kept in clean dataset pending manual review
2d_1079,2d_1078,dataset/Vinmec/Vinmec_2d/images/1079.JPG,dataset/Vinmec/Vinmec_2d/images/1078.JPG,dataset/Vinmec/Vinmec_2d/annotations/1079_binary.PNG,dataset/Vinmec/Vinmec_2d/annotations/1078_binary.PNG,2,10,956x533,962x525,POSSIBLE_DUPLICATE,Near-duplicate perceptual hash (cine-loop / adjacent frame of same examination); kept in clean dataset pending manual review
2d_1094,2d_930,dataset/Vinmec/Vinmec_2d/images/1094.JPG,dataset/Vinmec/Vinmec_2d/images/930.JPG,dataset/Vinmec/Vinmec_2d/annotations/1094_binary.PNG,dataset/Vinmec/Vinmec_2d/annotations/930_binary.PNG,2,11,562x577,568x586,POSSIBLE_DUPLICATE,Near-duplicate perceptual hash (cine-loop / adjacent frame of same examination); kept in clean dataset pending manual review
2d_947,2d_946,dataset/Vinmec/Vinmec_2d/images/947.JPG,dataset/Vinmec/Vinmec_2d/images/946.JPG,dataset/Vinmec/Vinmec_2d/annotations/947_binary.PNG,dataset/Vinmec/Vinmec_2d/annotations/946_binary.PNG,2,10,567x586,566x581,POSSIBLE_DUPLICATE,Near-duplicate perceptual hash (cine-loop / adjacent frame of same examination); kept in clean dataset pending manual review
2d_192,2d_195,dataset/Vinmec/Vinmec_2d/images/192.JPG,dataset/Vinmec/Vinmec_2d/images/195.JPG,dataset/Vinmec/Vinmec_2d/annotations/192_binary.PNG,dataset/Vinmec/Vinmec_2d/annotations/195_binary.PNG,2,7,480x532,480x532,POSSIBLE_DUPLICATE,Near-duplicate perceptual hash (cine-loop / adjacent frame of same examination); kept in clean dataset pending manual review
2d_262,2d_261,dataset/Vinmec/Vinmec_2d/images/262.JPG,dataset/Vinmec/Vinmec_2d/images/261.JPG,dataset/Vinmec/Vinmec_2d/annotations/262_binary.PNG,dataset/Vinmec/Vinmec_2d/annotations/261_binary.PNG,2,9,481x530,480x532,POSSIBLE_DUPLICATE,Near-duplicate perceptual hash (cine-loop / adjacent frame of same examination); kept in clean dataset pending manual review
2d_232,2d_233,dataset/Vinmec/Vinmec_2d/images/232.JPG,dataset/Vinmec/Vinmec_2d/images/233.JPG,dataset/Vinmec/Vinmec_2d/annotations/232_binary.PNG,dataset/Vinmec/Vinmec_2d/annotations/233_binary.PNG,0,1,479x534,480x534,POSSIBLE_DUPLICATE,Near-duplicate perceptual hash (cine-loop / adjacent frame of same examination); kept in clean dataset pending manual review
3d_157,3d_156,dataset/Vinmec/Vinmec_3d/images/157.JPG,dataset/Vinmec/Vinmec_3d/images/156.JPG,dataset/Vinmec/Vinmec_3d/annotations/157_binary.PNG,dataset/Vinmec/Vinmec_3d/annotations/156_binary.PNG,2,12,582x578,584x577,POSSIBLE_DUPLICATE,Near-duplicate perceptual hash (cine-loop / adjacent frame of same examination); kept in clean dataset pending manual review
2d_351,2d_350,dataset/Vinmec/Vinmec_2d/images/351.JPG,dataset/Vinmec/Vinmec_2d/images/350.JPG,dataset/Vinmec/Vinmec_2d/annotations/351_binary.PNG,dataset/Vinmec/Vinmec_2d/annotations/350_binary.PNG,2,9,473x601,474x604,POSSIBLE_DUPLICATE,Near-duplicate perceptual hash (cine-loop / adjacent frame of same examination); kept in clean dataset pending manual review
2d_1393,2d_1394,dataset/Vinmec/Vinmec_2d/images/1393.JPG,dataset/Vinmec/Vinmec_2d/images/1394.JPG,dataset/Vinmec/Vinmec_2d/annotations/1393_binary.PNG,dataset/Vinmec/Vinmec_2d/annotations/1394_binary.PNG,2,6,569x592,571x590,POSSIBLE_DUPLICATE,Near-duplicate perceptual hash (cine-loop / adjacent frame of same examination); kept in clean dataset pending manual review
